-- MariaDB dump 10.19  Distrib 10.4.24-MariaDB, for Win64 (AMD64)
--
-- Host: localhost    Database: otakool
-- ------------------------------------------------------
-- Server version	10.4.24-MariaDB

/*!40101 SET @OLD_CHARACTER_SET_CLIENT=@@CHARACTER_SET_CLIENT */;
/*!40101 SET @OLD_CHARACTER_SET_RESULTS=@@CHARACTER_SET_RESULTS */;
/*!40101 SET @OLD_COLLATION_CONNECTION=@@COLLATION_CONNECTION */;
/*!40101 SET NAMES utf8mb4 */;
/*!40103 SET @OLD_TIME_ZONE=@@TIME_ZONE */;
/*!40103 SET TIME_ZONE='+00:00' */;
/*!40014 SET @OLD_UNIQUE_CHECKS=@@UNIQUE_CHECKS, UNIQUE_CHECKS=0 */;
/*!40014 SET @OLD_FOREIGN_KEY_CHECKS=@@FOREIGN_KEY_CHECKS, FOREIGN_KEY_CHECKS=0 */;
/*!40101 SET @OLD_SQL_MODE=@@SQL_MODE, SQL_MODE='NO_AUTO_VALUE_ON_ZERO' */;
/*!40111 SET @OLD_SQL_NOTES=@@SQL_NOTES, SQL_NOTES=0 */;

--
-- Table structure for table `admins`
--

DROP TABLE IF EXISTS `admins`;
/*!40101 SET @saved_cs_client     = @@character_set_client */;
/*!40101 SET character_set_client = utf8 */;
CREATE TABLE `admins` (
  `id` char(36) COLLATE utf8mb4_unicode_ci NOT NULL,
  `name` varchar(64) COLLATE utf8mb4_unicode_ci NOT NULL,
  `email` varchar(191) COLLATE utf8mb4_unicode_ci NOT NULL,
  `email_verified_at` timestamp NULL DEFAULT NULL,
  `password` varchar(191) COLLATE utf8mb4_unicode_ci NOT NULL DEFAULT 'password',
  `role` varchar(191) COLLATE utf8mb4_unicode_ci DEFAULT NULL,
  `details` text COLLATE utf8mb4_unicode_ci DEFAULT NULL,
  `remember_token` varchar(100) COLLATE utf8mb4_unicode_ci DEFAULT NULL,
  `created_at` timestamp NULL DEFAULT NULL,
  `updated_at` timestamp NULL DEFAULT NULL,
  PRIMARY KEY (`id`),
  UNIQUE KEY `admins_name_unique` (`name`),
  UNIQUE KEY `admins_email_unique` (`email`)
) ENGINE=InnoDB DEFAULT CHARSET=utf8mb4 COLLATE=utf8mb4_unicode_ci;
/*!40101 SET character_set_client = @saved_cs_client */;

--
-- Dumping data for table `admins`
--

LOCK TABLES `admins` WRITE;
/*!40000 ALTER TABLE `admins` DISABLE KEYS */;
INSERT INTO `admins` VALUES ('cc5fc53b-1e94-4fba-b927-6616dc9b5d92','MainAdmin','main.admin@gmail.com','2022-07-09 16:08:17','$2y$10$92IXUNpkjO0rOQ5byMi.Ye4oKoEa3Ro9llC/.og/at2.uheWG/igi','main',NULL,NULL,'2022-07-09 16:08:17','2022-07-09 16:08:17');
/*!40000 ALTER TABLE `admins` ENABLE KEYS */;
UNLOCK TABLES;

--
-- Table structure for table `comments`
--

DROP TABLE IF EXISTS `comments`;
/*!40101 SET @saved_cs_client     = @@character_set_client */;
/*!40101 SET character_set_client = utf8 */;
CREATE TABLE `comments` (
  `id` char(36) COLLATE utf8mb4_unicode_ci NOT NULL,
  `title` varchar(64) COLLATE utf8mb4_unicode_ci DEFAULT NULL,
  `created_at` timestamp NULL DEFAULT NULL,
  `updated_at` timestamp NULL DEFAULT NULL,
  `rate` double(3,2) NOT NULL,
  `images` varchar(510) COLLATE utf8mb4_unicode_ci DEFAULT NULL,
  `content` varchar(510) COLLATE utf8mb4_unicode_ci DEFAULT NULL,
  `p_id` varchar(191) COLLATE utf8mb4_unicode_ci NOT NULL,
  `cust_id` varchar(191) COLLATE utf8mb4_unicode_ci NOT NULL,
  PRIMARY KEY (`id`),
  KEY `comments_p_id_foreign` (`p_id`),
  KEY `comments_cust_id_foreign` (`cust_id`),
  CONSTRAINT `comments_cust_id_foreign` FOREIGN KEY (`cust_id`) REFERENCES `customers` (`id`),
  CONSTRAINT `comments_p_id_foreign` FOREIGN KEY (`p_id`) REFERENCES `products` (`id`)
) ENGINE=InnoDB DEFAULT CHARSET=utf8mb4 COLLATE=utf8mb4_unicode_ci;
/*!40101 SET character_set_client = @saved_cs_client */;

--
-- Dumping data for table `comments`
--

LOCK TABLES `comments` WRITE;
/*!40000 ALTER TABLE `comments` DISABLE KEYS */;
INSERT INTO `comments` VALUES ('03886a65-1980-491a-abe4-f2b165feb55f',NULL,'2022-07-15 12:20:32','2022-07-15 12:20:32',5.00,NULL,NULL,'d6e25e77-d2a4-46a4-9d19-a2e1bf240400','10def35a-2c30-4ffb-90cc-d28fbe533b90'),('072bb6de-3953-4a89-8608-d877ada99710',NULL,'2022-07-15 12:15:27','2022-07-15 12:15:27',4.00,NULL,'Hay','a1fc9f8c-40e8-46cd-8eee-5837a70fb488','8810293f-d45e-44ad-9314-53777906f50d'),('09aab533-6963-4085-b7fe-f4f5db4d2aa4',NULL,'2022-07-15 12:17:17','2022-07-15 12:17:17',5.00,NULL,NULL,'e5119cd2-bfc3-4242-874b-0cccc595a258','8810293f-d45e-44ad-9314-53777906f50d'),('0b7201e0-fe20-448c-934b-d2b4cc3eae26',NULL,'2022-07-15 12:34:00','2022-07-15 12:34:00',5.00,NULL,'tatakeeeeeeee','9fd42c02-60ca-4d53-90af-721e46905b1a','880912f2-540a-4f80-9134-f4e9b009dce9'),('0fc020ac-88b6-4138-90e8-01cb878687f6',NULL,'2022-07-15 12:37:36','2022-07-15 12:37:36',5.00,NULL,NULL,'5f4694ee-baf1-4ef0-90aa-61b40dd4bf93','76387df9-4c3a-466d-b1ed-c11f5052c7b0'),('10c0d158-bada-4aad-a6d8-68d11fdd1b80',NULL,'2022-07-15 12:00:28','2022-07-15 12:00:28',4.00,NULL,'Cute','ad742856-2fb3-4b64-9c18-f6aea0be4ab7','896f2899-5912-43f4-9e5a-7af1d9409106'),('22ffae02-fbd7-4064-aafd-ee251722e271',NULL,'2022-07-15 12:28:52','2022-07-15 12:28:52',4.00,NULL,NULL,'a1fc9f8c-40e8-46cd-8eee-5837a70fb488','cbdf0cba-5d75-4dac-a5e0-2b39f3bdd579'),('29eae82c-a4f5-4d70-8162-422ff78bb186',NULL,'2022-07-15 12:30:32','2022-07-15 12:30:32',5.00,NULL,'đến giờ cày lại gòi','a5bb242a-ee33-40fd-b1e5-a8f367befc0a','f14e1f1b-3102-489b-9d10-080a0ebe058d'),('2c136892-f84e-40a0-bf6f-932997a98931',NULL,'2022-07-15 12:21:17','2022-07-15 12:21:17',5.00,NULL,'đẹp quá đẹp quá','bb46f8c5-fe1f-425f-867a-4ce4cfa118d5','10def35a-2c30-4ffb-90cc-d28fbe533b90'),('2e5ee702-5c5f-4a55-a528-ca516f3da160',NULL,'2022-07-15 12:35:00','2022-07-15 12:35:00',5.00,NULL,'sassaghezo sasagezo','5e7d581b-a5dd-4505-83a6-9176e00baeb5','880912f2-540a-4f80-9134-f4e9b009dce9'),('317ae390-6011-4b7e-acc7-7003c58173b0',NULL,'2022-07-15 11:59:04','2022-07-15 11:59:04',5.00,NULL,'heheh, waifuu của tui','28182bb7-78a6-4b4a-b7d2-4438266bf60e','896f2899-5912-43f4-9e5a-7af1d9409106'),('40076d30-1d14-41f1-9415-a871216114d6',NULL,'2022-07-15 12:06:10','2022-07-15 12:06:10',3.00,NULL,'có cỡ nào to hơn nữa ko ad','7fa75763-7451-41f6-9b8f-52386f1e132c','896f2899-5912-43f4-9e5a-7af1d9409106'),('48deccaf-77f0-4d34-a1c1-11953c35d380',NULL,'2022-07-15 12:37:23','2022-07-15 12:37:23',5.00,NULL,NULL,'1bd52975-fd1c-4b22-a7fd-6b0670140d26','76387df9-4c3a-466d-b1ed-c11f5052c7b0'),('48fe4991-68a3-4b04-81a5-6198fbaea09f',NULL,'2022-07-15 12:00:09','2022-07-15 12:00:09',5.00,NULL,'Quá đẹp , tuyệt vời','d4deceac-51f2-4bc0-bee5-afe10c75d84a','896f2899-5912-43f4-9e5a-7af1d9409106'),('4c8b93d2-04ae-485f-a117-3ef0ea3dc2f3',NULL,'2022-07-15 12:41:05','2022-07-15 12:41:05',4.00,NULL,NULL,'49fa3a07-1821-41bb-abc8-fe1f14ac2cd5','27befc02-e2c5-4109-8db9-e542649c9b95'),('50b2f654-31b9-44bb-aafc-a71c263e33f0',NULL,'2022-07-15 12:16:48','2022-07-15 12:16:48',4.00,NULL,NULL,'dcae5dda-c895-492c-a5aa-f77fb1e2d4d1','8810293f-d45e-44ad-9314-53777906f50d'),('535c3c00-8f20-4487-a113-ef35286c6565',NULL,'2022-07-15 12:40:18','2022-07-15 12:40:18',4.00,NULL,NULL,'8fcbde2a-9dd8-40c3-ac09-e6e9dfc4fb16','27befc02-e2c5-4109-8db9-e542649c9b95'),('56b21c17-b6a8-4161-a355-9330b0bed399',NULL,'2022-07-15 12:38:39','2022-07-15 12:38:39',4.00,NULL,NULL,'5f4694ee-baf1-4ef0-90aa-61b40dd4bf93','e4a8d6f6-e03e-442d-8ee3-579b48f558d5'),('621fdece-93b5-4b74-8700-87ea9ff9a9e7',NULL,'2022-07-15 12:15:11','2022-07-15 12:15:11',5.00,NULL,'Ỉn đại nhân , đẹp lắm ad','bb50adc6-e655-4165-9ab6-b5b6135ea71f','8810293f-d45e-44ad-9314-53777906f50d'),('6233daf7-b917-4f9f-a4c5-2754dd3aab09','Binh pham','2022-07-15 11:58:12','2022-07-15 11:58:12',4.00,NULL,'Đẹp lắm ad ơi ,cảm ơn','39c9e0c0-2bcb-4ade-92f6-0b0508056e81','896f2899-5912-43f4-9e5a-7af1d9409106'),('6c050724-44be-40fa-a12a-fc8a91f31e01',NULL,'2022-07-15 12:29:07','2022-07-15 12:29:07',5.00,NULL,'hay','82e12853-3411-435e-8088-5741de09dea3','cbdf0cba-5d75-4dac-a5e0-2b39f3bdd579'),('6d9e57b8-954b-42c2-987b-efb136ce4548',NULL,'2022-07-15 12:22:04','2022-07-15 12:22:04',4.00,NULL,NULL,'aa6786db-3e78-4efc-8cfa-0018890a25b8','10def35a-2c30-4ffb-90cc-d28fbe533b90'),('7521a86e-fee7-4f43-96e3-7a0ba3e08719',NULL,'2022-07-15 12:31:42','2022-07-15 12:31:42',5.00,NULL,'tatakeeeeee','9fd42c02-60ca-4d53-90af-721e46905b1a','e651ab38-f543-4a43-bc84-0439c6372636'),('764aaef9-41ce-4ee3-b308-7d245138bff1',NULL,'2022-07-15 12:01:51','2022-07-15 12:01:51',5.00,NULL,NULL,'9bcb3e61-60a1-4445-b8bb-8c973563e1cb','896f2899-5912-43f4-9e5a-7af1d9409106'),('7d47837e-39f6-49a0-89cc-a05e59796db5',NULL,'2022-07-15 12:38:15','2022-07-15 12:38:15',5.00,NULL,NULL,'c1994164-f7b3-431e-a4cb-43f143fd7a3a','e4a8d6f6-e03e-442d-8ee3-579b48f558d5'),('875056a0-2335-489f-9f00-8f8c064bae43',NULL,'2022-07-15 12:19:09','2022-07-15 12:19:09',5.00,NULL,'Nice','3a06ed34-7de5-4eb2-8624-049526e9e41f','10def35a-2c30-4ffb-90cc-d28fbe533b90'),('8c23f1b5-3a18-411d-bc2a-36c71e877dc1',NULL,'2022-07-15 12:07:37','2022-07-15 12:07:37',5.00,NULL,'good','fbe1d0ee-28cc-4fb0-97c5-6b7ba5f41704','8810293f-d45e-44ad-9314-53777906f50d'),('92a3a257-f5a2-4aa6-9339-0a3366c30ccd',NULL,'2022-07-15 12:40:30','2022-07-15 12:40:30',5.00,NULL,NULL,'4cd6d341-f53a-4a35-8da3-0176cf0f2fd4','27befc02-e2c5-4109-8db9-e542649c9b95'),('a8c8c793-d605-4d07-9d0e-7a819c319651',NULL,'2022-07-15 12:35:59','2022-07-15 12:35:59',5.00,NULL,NULL,'5e7d581b-a5dd-4505-83a6-9176e00baeb5','76387df9-4c3a-466d-b1ed-c11f5052c7b0'),('aca4b674-44fb-4ac0-99e6-6c77394d9adc',NULL,'2022-07-15 12:07:18','2022-07-15 12:07:18',5.00,NULL,'bao đẹp','3a06ed34-7de5-4eb2-8624-049526e9e41f','8810293f-d45e-44ad-9314-53777906f50d'),('b25baa98-02cd-4447-ba97-2c9c5bc8e9e3',NULL,'2022-07-15 12:03:10','2022-07-15 12:03:10',4.00,NULL,':)) thánh tấu hài đây gòi','fbe1d0ee-28cc-4fb0-97c5-6b7ba5f41704','896f2899-5912-43f4-9e5a-7af1d9409106'),('b760a692-178b-4c6d-ad83-ee4767372eef',NULL,'2022-07-15 12:23:24','2022-07-15 12:23:24',5.00,NULL,NULL,'591a8273-4e30-4234-ac96-5cffb0550940','10def35a-2c30-4ffb-90cc-d28fbe533b90'),('b843dc09-02a6-406e-a820-22a6c5afcc08',NULL,'2022-07-15 12:27:40','2022-07-15 12:27:40',5.00,NULL,NULL,'4cd6d341-f53a-4a35-8da3-0176cf0f2fd4','2e2a9be5-1e13-40e5-92a1-043054277ef5'),('bb88ac9b-268a-47b6-9bf0-4eb2f6ce3f67',NULL,'2022-07-15 12:40:53','2022-07-15 12:40:53',4.00,NULL,NULL,'34bf24ff-f0a5-410c-8831-d134e7e2529d','27befc02-e2c5-4109-8db9-e542649c9b95'),('c7389198-935b-4bd6-8dab-55aaea5ea6ae',NULL,'2022-07-10 18:01:54','2022-07-17 10:10:29',4.00,NULL,NULL,'3a06ed34-7de5-4eb2-8624-049526e9e41f','e9d8f1d2-acee-49d2-8832-4968976c8705'),('cafcf495-7636-4a55-94a4-f730e33ad578','Cute','2022-07-10 18:01:25','2022-07-10 18:01:25',4.00,NULL,'Nice','d552cb9d-24a7-426b-b090-d6952cf9a70d','e9d8f1d2-acee-49d2-8832-4968976c8705'),('d4011ed0-d3ef-49d7-b293-8c080afe3a79',NULL,'2022-07-15 12:17:04','2022-07-15 12:17:04',5.00,NULL,NULL,'82e12853-3411-435e-8088-5741de09dea3','8810293f-d45e-44ad-9314-53777906f50d'),('e0a0cf64-c619-49e7-9fac-7a986e255c48',NULL,'2022-07-15 12:27:09','2022-07-15 12:27:09',5.00,NULL,NULL,'55973996-42b2-4ab8-943c-e5871eba7385','2e2a9be5-1e13-40e5-92a1-043054277ef5'),('e73d742b-5838-48cf-9224-2166dbc30298',NULL,'2022-07-15 12:20:02','2022-07-15 12:20:02',5.00,NULL,'waku waku','d552cb9d-24a7-426b-b090-d6952cf9a70d','10def35a-2c30-4ffb-90cc-d28fbe533b90'),('f0e62164-52e9-4167-a182-34a11980fc2f',NULL,'2022-07-15 12:38:26','2022-07-15 12:38:26',5.00,NULL,NULL,'58286f26-59bb-447c-ae87-da2a89ed9539','e4a8d6f6-e03e-442d-8ee3-579b48f558d5'),('f3eb3c7e-2901-4e36-8472-3f93a979236f',NULL,'2022-07-15 12:20:53','2022-07-15 12:20:53',4.00,NULL,NULL,'32081f31-b34a-4dc3-95a0-f0d2d8080a9a','10def35a-2c30-4ffb-90cc-d28fbe533b90'),('f471d59d-293b-4565-8d6c-277a0b6dccad',NULL,'2022-07-15 12:28:07','2022-07-15 12:28:07',5.00,NULL,'chiến thần','d4deceac-51f2-4bc0-bee5-afe10c75d84a','2e2a9be5-1e13-40e5-92a1-043054277ef5');
/*!40000 ALTER TABLE `comments` ENABLE KEYS */;
UNLOCK TABLES;

--
-- Table structure for table `contacts`
--

DROP TABLE IF EXISTS `contacts`;
/*!40101 SET @saved_cs_client     = @@character_set_client */;
/*!40101 SET character_set_client = utf8 */;
CREATE TABLE `contacts` (
  `id` char(36) COLLATE utf8mb4_unicode_ci NOT NULL,
  `name` varchar(64) COLLATE utf8mb4_unicode_ci NOT NULL,
  `email` varchar(100) COLLATE utf8mb4_unicode_ci NOT NULL,
  `title` varchar(64) COLLATE utf8mb4_unicode_ci DEFAULT NULL,
  `content` text COLLATE utf8mb4_unicode_ci DEFAULT NULL,
  `created_at` timestamp NULL DEFAULT NULL,
  `updated_at` timestamp NULL DEFAULT NULL,
  PRIMARY KEY (`id`)
) ENGINE=InnoDB DEFAULT CHARSET=utf8mb4 COLLATE=utf8mb4_unicode_ci;
/*!40101 SET character_set_client = @saved_cs_client */;

--
-- Dumping data for table `contacts`
--

LOCK TABLES `contacts` WRITE;
/*!40000 ALTER TABLE `contacts` DISABLE KEYS */;
INSERT INTO `contacts` VALUES ('541b2312-d90c-4701-968c-ab380e435fe1','hung','hung@gmail.com','Import location','Where are the figurines imported from?','2022-07-17 10:04:53','2022-07-17 10:04:53');
/*!40000 ALTER TABLE `contacts` ENABLE KEYS */;
UNLOCK TABLES;

--
-- Table structure for table `customers`
--

DROP TABLE IF EXISTS `customers`;
/*!40101 SET @saved_cs_client     = @@character_set_client */;
/*!40101 SET character_set_client = utf8 */;
CREATE TABLE `customers` (
  `id` char(36) COLLATE utf8mb4_unicode_ci NOT NULL,
  `name` varchar(100) COLLATE utf8mb4_unicode_ci NOT NULL,
  `email` varchar(100) COLLATE utf8mb4_unicode_ci NOT NULL,
  `tel` varchar(20) COLLATE utf8mb4_unicode_ci DEFAULT NULL,
  `address` varchar(255) COLLATE utf8mb4_unicode_ci DEFAULT NULL,
  `status` tinyint(4) NOT NULL DEFAULT 1 COMMENT '0=Disable, 1=Active',
  `username` varchar(64) COLLATE utf8mb4_unicode_ci NOT NULL,
  `password` varchar(128) COLLATE utf8mb4_unicode_ci NOT NULL,
  `remember_token` varchar(100) COLLATE utf8mb4_unicode_ci DEFAULT NULL,
  `created_at` timestamp NULL DEFAULT NULL,
  `updated_at` timestamp NULL DEFAULT NULL,
  PRIMARY KEY (`id`),
  UNIQUE KEY `customers_email_unique` (`email`),
  UNIQUE KEY `customers_username_unique` (`username`)
) ENGINE=InnoDB DEFAULT CHARSET=utf8mb4 COLLATE=utf8mb4_unicode_ci;
/*!40101 SET character_set_client = @saved_cs_client */;

--
-- Dumping data for table `customers`
--

LOCK TABLES `customers` WRITE;
/*!40000 ALTER TABLE `customers` DISABLE KEYS */;
INSERT INTO `customers` VALUES ('10def35a-2c30-4ffb-90cc-d28fbe533b90','TuTram','TuTram509@gmail.com','0974940780','cach mang thang 8',1,'Tram','$2y$10$9l0uYsHnaACDOLEbqhV/o.ekZxQ5ZoOtFz6Ws3seZYlBn8rEwlTn2',NULL,'2022-07-15 11:40:06','2022-07-15 11:40:06'),('27befc02-e2c5-4109-8db9-e542649c9b95','Hoang','HoangVan7812@gmail.com','0974940780','cach mang thang 8',1,'Hoang7812','$2y$10$b.Uux30zNdCQW6yDrLTwKOLDqF19XohPqUg2pl.qxsyGZtqNeM6J2',NULL,'2022-07-15 11:45:15','2022-07-15 11:45:15'),('2cab677e-0627-46d1-b5eb-e057e436c28c','Lbm','minhlong20012004@gmail.com','0963910380','P/U.D,KNow',1,'GDL','$2y$10$mVTMAPS8fTrmw3GbsfZKa.90OohaY.LqMSbuEoATovjpcafFxLPNK',NULL,'2022-07-13 11:25:35','2022-07-13 11:25:35'),('2e2a9be5-1e13-40e5-92a1-043054277ef5','Hoang','NganHoang9732@gmail.com','0964740670','cach mang thang 8',1,'NganHoang','$2y$10$DTonktRiRAmmL7o6gADiRuUFVZFPsmF0FZwH/ppZuvUnmC02lZ6NG',NULL,'2022-07-15 11:41:53','2022-07-15 11:41:53'),('3289a032-67cc-41f0-a192-f6335169b93f','QuangThuy','QuangThuy@gmail.com','0974940780','cach mang thang 8',1,'QuangThuy','$2y$10$KrKrAsdwQm24hGIqlsnNQ.2K/PGzRZ404otECqYpdyVcoBTm45fAK',NULL,'2022-07-15 11:40:41','2022-07-15 11:40:41'),('54896a60-9dff-4c0c-8efa-2df3fcf892ac','ThienHoang','ThienHoang966@gmail.com','0974940780','cach mang thang 8',1,'Hoang96','$2y$10$COkQ.PlweYqAYpHfN17if.GvMoT90t7PdNVUThmRwjjaLpAO1s3ny',NULL,'2022-07-15 11:54:36','2022-07-15 11:54:36'),('5d8566be-1574-4a2f-863d-6830728339ad','ThuyNgan','ThuyNgan@gmail.com','0964740670','cach mang thang 8',1,'ThuyNgan56','$2y$10$OIux0mQOkRyPHmqTpzC9cu23kgVyY4QztQTQo01SRNMDNUAd0HAP2',NULL,'2022-07-15 11:51:01','2022-07-15 11:51:01'),('76387df9-4c3a-466d-b1ed-c11f5052c7b0','NganNgoc','NganNgoc@gmail.com','0974940780','cach mang thang 8',1,'Ngoc','$2y$10$fgGFBwM6WNn1uLAbFhQBROEKZDXHyYQweAwlOUq.F3vsisQiHZOQK',NULL,'2022-07-15 11:53:07','2022-07-15 11:53:07'),('880912f2-540a-4f80-9134-f4e9b009dce9','QuangLiem','QuangLiem23@gmail.com','0974940780','cach mang thang 8',1,'QuangLiem23','$2y$10$1OoB3EknqVNwLz8I42KntOHj4ttt6x5mTchfmZjxlQx8ezxj60MDy',NULL,'2022-07-15 11:55:07','2022-07-15 11:55:07'),('8810293f-d45e-44ad-9314-53777906f50d','ThongTien','ThongTien1721@gmail.com','0964740670','cach mang thang 8',1,'Tien1721','$2y$10$qJviUQ3T7F/3rjW4oDH6eul3DDp0muK4NiE9A8Nkg3MFumTQOfy0y',NULL,'2022-07-15 11:39:23','2022-07-15 11:39:23'),('896f2899-5912-43f4-9e5a-7af1d9409106','Lien','LienHong1983@gmail.com','0974940780','cach mang thang 8',1,'Hoang','$2y$10$DhSt0YaRpbOLfMktm6up8upN.MHNtuzdoqjudv3G4Xh7DDmVZV10W',NULL,'2022-07-15 11:27:45','2022-07-15 11:27:45'),('8d3d2d4d-5950-47d7-a8e7-8674e88f21e6','Thuy','Thuy@gmail.com','0974940780','cach mang thang 8',1,'Thuy','$2y$10$uFZLjMb3bC4T/MOpPC2tu.NdO8Vtd5tj4VuLPJtBqqRJBiR0uw/o.',NULL,'2022-07-15 11:51:31','2022-07-15 11:51:31'),('97dc9f78-954d-4793-b5d0-077a36088bd9','LienQuang','LienQuang245678@gmail.com','0974940780','cach mang thang 8',1,'LienQuang24','$2y$10$ww6Vpr83TJVM3TixP8jQ..JfCxF6psfKPXO3cP6D2nywGa0KvweuK',NULL,'2022-07-15 11:48:56','2022-07-15 11:48:56'),('a154bebf-f663-468f-a3a1-051c9dfaf3f0','ThongThong','ThongThong21@gmail.com','0964740670','cach mang thang 8',1,'Thong21','$2y$10$yLWSEJ89D9LPo5pKAHweSeIKCLIUrAJ9KXPHVOTIcZAqq4El4KmQO',NULL,'2022-07-15 11:50:32','2022-07-15 11:50:32'),('b83a1368-e769-4c40-9d02-570ac6eb0d9e','Tram','TramVang22@gmail.com','0964740670','cach mang thang 8',1,'Vang22','$2y$10$ZcmG5JpIoes.tM7Q707N/e5CAZK0WRW5IfGnrfF9LWChSeVjLYSIa',NULL,'2022-07-15 11:42:38','2022-07-15 11:42:38'),('c7333006-03fa-4546-85a5-62bf94f59c3c','QuangThuy','QuangThuy232@gmail.com','0964740670','cach mang thang 8',1,'QuangThuy232','$2y$10$lqQKt4wn.Hkru07b7RVYw.YJwryqAUxHQEqa0I.P/4VprEbrniIoO',NULL,'2022-07-15 11:47:55','2022-07-15 11:47:55'),('cbdf0cba-5d75-4dac-a5e0-2b39f3bdd579','Hoang','HoangVu1927@gmail.com','0974940780','cach mang thang 8',1,'VuNat','$2y$10$kYDoP62HvSz.QtUraUREIeFOnAxwUKiLBLf12U./sR1K8F03VsWpC',NULL,'2022-07-15 11:43:52','2022-07-15 11:43:52'),('e4a8d6f6-e03e-442d-8ee3-579b48f558d5','Quang','QuangThuuy732@gmail.com','0964740670','cach mang thang 8',1,'Thuuy732','$2y$10$bmPekky5w7R4tRkYHP1VDuFzbqsHPU9ekRO7NIwdXKTnJ8QFwnbfq',NULL,'2022-07-15 11:44:39','2022-07-15 11:44:39'),('e651ab38-f543-4a43-bc84-0439c6372636','ThongtheT','Thong5ogd@gmail.com','0974940780','cach mang thang 8',1,'Thong43','$2y$10$ZyYzv0.k3M7LoUp/b.bqKucQ9RSqEn.hnFWPBeEDtfybXTVkOjFFC',NULL,'2022-07-15 11:52:26','2022-07-15 11:52:26'),('e9d8f1d2-acee-49d2-8832-4968976c8705','Hung','hung@gmail.com','0703334444','asaaaaaaaaa',1,'hung','$2y$10$K2Hs7AjAScgAquoXkizYBuggbSwvjxobRUMsvmagmF7pqAi9z4AB6',NULL,'2022-07-10 16:38:36','2022-07-15 13:54:31'),('ebfa0b40-df07-4e93-8d17-b3f81cf0ba13','TramCk','TramCkwu12@gmail.com','0974940780','cach mang thang 8',1,'TramCk12','$2y$10$coS0P7eQ5s5SAS9/oVAAHeZxlCXGlTCk1iniI22wTOKWsqJTUV9.q',NULL,'2022-07-15 11:45:52','2022-07-15 11:45:52'),('f14e1f1b-3102-489b-9d10-080a0ebe058d','Hoangrh','Hoang@gmail.com','0964740670','cach mang thang 8',1,'Hoangww','$2y$10$hNisXfzAgnw4mSaogFqxE.CTAElukzYtmeSY2Jc24x.lYk.FcDNnS',NULL,'2022-07-15 11:49:40','2022-07-15 11:49:40'),('f6f4c11f-0c00-4c57-b921-4b719dc2b839','Thuythe','ThuyThong12@gmail.com','0964740670','cach mang thang 8',1,'Thuy12','$2y$10$4/5aewL0e3nViKHqhJ4sfOoPlKdWFfGjd/QRVmVb85gnPs10iHKnO',NULL,'2022-07-15 11:53:54','2022-07-15 11:53:54');
/*!40000 ALTER TABLE `customers` ENABLE KEYS */;
UNLOCK TABLES;

--
-- Table structure for table `failed_jobs`
--

DROP TABLE IF EXISTS `failed_jobs`;
/*!40101 SET @saved_cs_client     = @@character_set_client */;
/*!40101 SET character_set_client = utf8 */;
CREATE TABLE `failed_jobs` (
  `id` bigint(20) unsigned NOT NULL AUTO_INCREMENT,
  `uuid` varchar(191) COLLATE utf8mb4_unicode_ci NOT NULL,
  `connection` text COLLATE utf8mb4_unicode_ci NOT NULL,
  `queue` text COLLATE utf8mb4_unicode_ci NOT NULL,
  `payload` longtext COLLATE utf8mb4_unicode_ci NOT NULL,
  `exception` longtext COLLATE utf8mb4_unicode_ci NOT NULL,
  `failed_at` timestamp NOT NULL DEFAULT current_timestamp(),
  PRIMARY KEY (`id`),
  UNIQUE KEY `failed_jobs_uuid_unique` (`uuid`)
) ENGINE=InnoDB DEFAULT CHARSET=utf8mb4 COLLATE=utf8mb4_unicode_ci;
/*!40101 SET character_set_client = @saved_cs_client */;

--
-- Dumping data for table `failed_jobs`
--

LOCK TABLES `failed_jobs` WRITE;
/*!40000 ALTER TABLE `failed_jobs` DISABLE KEYS */;
/*!40000 ALTER TABLE `failed_jobs` ENABLE KEYS */;
UNLOCK TABLES;

--
-- Table structure for table `feedback`
--

DROP TABLE IF EXISTS `feedback`;
/*!40101 SET @saved_cs_client     = @@character_set_client */;
/*!40101 SET character_set_client = utf8 */;
CREATE TABLE `feedback` (
  `id` char(36) COLLATE utf8mb4_unicode_ci NOT NULL,
  `title` varchar(64) COLLATE utf8mb4_unicode_ci DEFAULT NULL,
  `created_at` timestamp NULL DEFAULT NULL,
  `updated_at` timestamp NULL DEFAULT NULL,
  `content` text COLLATE utf8mb4_unicode_ci DEFAULT NULL,
  `status` tinyint(4) NOT NULL DEFAULT 0,
  `cust_id` varchar(191) COLLATE utf8mb4_unicode_ci NOT NULL,
  PRIMARY KEY (`id`),
  KEY `feedback_cust_id_foreign` (`cust_id`),
  CONSTRAINT `feedback_cust_id_foreign` FOREIGN KEY (`cust_id`) REFERENCES `customers` (`id`)
) ENGINE=InnoDB DEFAULT CHARSET=utf8mb4 COLLATE=utf8mb4_unicode_ci;
/*!40101 SET character_set_client = @saved_cs_client */;

--
-- Dumping data for table `feedback`
--

LOCK TABLES `feedback` WRITE;
/*!40000 ALTER TABLE `feedback` DISABLE KEYS */;
/*!40000 ALTER TABLE `feedback` ENABLE KEYS */;
UNLOCK TABLES;

--
-- Table structure for table `migrations`
--

DROP TABLE IF EXISTS `migrations`;
/*!40101 SET @saved_cs_client     = @@character_set_client */;
/*!40101 SET character_set_client = utf8 */;
CREATE TABLE `migrations` (
  `id` int(10) unsigned NOT NULL AUTO_INCREMENT,
  `migration` varchar(191) COLLATE utf8mb4_unicode_ci NOT NULL,
  `batch` int(11) NOT NULL,
  PRIMARY KEY (`id`)
) ENGINE=InnoDB AUTO_INCREMENT=17 DEFAULT CHARSET=utf8mb4 COLLATE=utf8mb4_unicode_ci;
/*!40101 SET character_set_client = @saved_cs_client */;

--
-- Dumping data for table `migrations`
--

LOCK TABLES `migrations` WRITE;
/*!40000 ALTER TABLE `migrations` DISABLE KEYS */;
INSERT INTO `migrations` VALUES (1,'2014_10_12_000000_create_users_table',1),(2,'2014_10_12_100000_create_password_resets_table',1),(3,'2019_08_19_000000_create_failed_jobs_table',1),(4,'2019_12_14_000001_create_personal_access_tokens_table',1),(5,'2022_06_05_090935_create_admins_table',1),(6,'2022_06_05_091111_create_promotions_table',1),(7,'2022_06_06_125206_create_products_table',1),(8,'2022_06_11_091025_create_customers_table',1),(9,'2022_06_11_091134_create_comments_table',1),(10,'2022_06_11_091154_create_orders_table',1),(11,'2022_06_11_091219_create_orderdetails_table',1),(12,'2022_06_11_091317_create_feedback_table',1),(13,'2022_06_22_214345_create_news_table',1),(14,'2022_07_08_220833_create_contacts_table',2),(15,'2022_07_08_235525_create_q_a_s_table',2),(16,'2022_07_09_210113_create_news_categories_table',2);
/*!40000 ALTER TABLE `migrations` ENABLE KEYS */;
UNLOCK TABLES;

--
-- Table structure for table `news`
--

DROP TABLE IF EXISTS `news`;
/*!40101 SET @saved_cs_client     = @@character_set_client */;
/*!40101 SET character_set_client = utf8 */;
CREATE TABLE `news` (
  `id` char(36) COLLATE utf8mb4_unicode_ci NOT NULL,
  `news_category_id` varchar(191) COLLATE utf8mb4_unicode_ci DEFAULT NULL,
  `title` varchar(255) COLLATE utf8mb4_unicode_ci DEFAULT NULL,
  `created_at` timestamp NULL DEFAULT NULL,
  `updated_at` timestamp NULL DEFAULT NULL,
  `image` varchar(255) COLLATE utf8mb4_unicode_ci DEFAULT NULL,
  `content` text COLLATE utf8mb4_unicode_ci DEFAULT NULL,
  PRIMARY KEY (`id`)
) ENGINE=InnoDB DEFAULT CHARSET=utf8mb4 COLLATE=utf8mb4_unicode_ci;
/*!40101 SET character_set_client = @saved_cs_client */;

--
-- Dumping data for table `news`
--

LOCK TABLES `news` WRITE;
/*!40000 ALTER TABLE `news` DISABLE KEYS */;
INSERT INTO `news` VALUES ('0081f88d-17fa-47e6-992b-a9e77e9a31ad','d6de5dd8-df98-43dd-96a7-b3b9b713b62a','Fifth Season of \'Ani ni Tsukeru Kusuri wa Nai!\' Announced','2022-07-13 11:52:48','2022-07-13 11:52:48','62ceb21022fb8.jpeg','<p>The official website for the <a href=\"https://myanimelist.net/anime/35015/\">anime adaptation</a> of <a href=\"https://myanimelist.net/people/44612/\">Ling You</a>\'s web manhua series <a href=\"https://myanimelist.net/manga/104937/\">Ani ni Tsukeru Kusuri wa Nai!</a> (Please Take My Brother Away) announced on Wednesday that the <a href=\"https://myanimelist.net/anime/49599/\">fifth season</a> will premiere on the d Anime Store platform in Japan on July 29. The season began airing in China on the Tencent streaming service on June 29.<br><br>Cast members from the previous seasons will reprise their respective roles. <a href=\"https://myanimelist.net/people/22351/\">Rareko</a> (Aggressive Retsuko (ONA)) is returning as the director and scriptwriter. <a href=\"https://myanimelist.net/anime/producer/1690/\">Imagineer</a> and <a href=\"https://myanimelist.net/anime/producer/1727/\">Tencent Penguin Pictures</a> are producing the anime, with the latter also credited for production.<br><br>The first season aired in 12 three-minute episodes in Spring 2017, followed by three more seasons in Summer 2018, Fall 2019, and Fall 2020.</p>'),('1781e96e-bfe8-4526-a485-96f8c0d9edd9','b13e7a92-429f-4049-8985-fb1abbfa4161','\'RPG Fudousan\' Reveals Supporting Cast Members','2022-07-13 13:32:06','2022-07-13 13:32:06','62cec9564edbe.jpeg','<p>The <a href=\"https://myanimelist.net/anime/48363/\">RPG Fudousan</a> (RPG Real Estate) special stage at AnimeJapan 2022 revealed on Sunday three additional cast and its second key visual (pictured). The anime is scheduled to premiere on April 6 at 9:30 p.m. on AT-X, followed by Tokyo MX, TV Aichi, KBS Kyoto, Sun TV, and BS Nittele.<br><br>Cast<br>Satna: <a href=\"https://myanimelist.net/people/7263/\">Youko Hikasa</a> (Arifureta Shokugyou de Sekai Saikyou)<br>Sarah: <a href=\"https://myanimelist.net/people/22003/\">Minami Takahashi</a> (Sentouin, Hakenshimasu!)<br>Mona: <a href=\"https://myanimelist.net/people/42508/\">Honoka Kuroki</a> (Centaur no Nayami)<br><br><a href=\"https://myanimelist.net/people/47717/\">Tomoaki Koshida</a> (Sewayaki Kitsune no Senko-san) helms the anime at <a href=\"https://myanimelist.net/anime/producer/95/\">Doga Kobo</a>. <a href=\"https://myanimelist.net/people/36760/\">Yoshiko Nakamura</a> (Maoujou de Oyasumi) is handling the series composition, and <a href=\"https://myanimelist.net/people/34549/\">Motohiro Taniguchi</a> (Yuru Yuri San☆Hai!) is designing the characters.<br><br>The anime adapts <a href=\"https://myanimelist.net/people/12949/\">Chiyo Kenmotsu</a>\'s 4-koma <a href=\"https://myanimelist.net/manga/134223/\">slice of life fantasy manga</a>, which began serializing irregularly in <a href=\"https://myanimelist.net/manga/magazine/361/\">Manga Time Kirara Carat</a> magazine from April to June 2018 before joining the magazine\'s regular lineup the following month. Houbunsha shipped the fourth volume on April 27.</p>'),('1b8719c8-01ab-42fd-ac4b-a22e7b36afec','b13e7a92-429f-4049-8985-fb1abbfa4161','\'Tomodachi Game\' Unveils Additional Cast, First Promo','2022-07-15 09:59:54','2022-07-15 09:59:54','62d13a9ae166e.jpeg','<p>The official website of the Tomodachi Game (Friends Game) television anime revealed on Tuesday three additional cast members and the first promotional video. The anime is scheduled to premiere on April 6 at 1:29 a.m. on NTV, followed by BS NTV, and AT-X.</p><p>&nbsp;</p><p>Cast</p><p>Manabu-kun: Minami Takayama (Detective Conan)</p><p>Maria Minase: Reina Ueda (Darwin\'s Game)</p><p>Tsukino: Shizuka Itou (Highschool DxD)</p><p>&nbsp;</p><p>Nana Mizuki (Shaman King (2021)) performs the opening theme \"Double Shuffle,\" which is previewed in the promotional video below. J-rock band saji (Ahiru no Sora) is performing the ending theme \"Tomoshibi.\"</p><p>&nbsp;</p><p>Hirofumi Ogura (Kuroshitsuji II) is helming the anime at animation studio Okuruto Noboru. Kenta Ihara (Youjo Senki) is handling the series composition and script. Satomi Miyazaki (Shingeki no Kyoujin animation director) is designing the characters and Michiru (7 Seeds) is composing the music.</p><p>&nbsp;</p><p>The anime adapts Mikoto Yamaguchi and Yuuki Satou\'s psychological survival manga, which began in Bessatsu Shounen Magazine in December 2013. Kodansha shipped the 19th volume on November 9.</p>'),('264fe8df-84ad-480e-a196-10129ea45096','d6de5dd8-df98-43dd-96a7-b3b9b713b62a','Manga \'Shangri-La Frontier: Kusoge Hunter, Kamige ni Idoman to su\' Gets TV Anime in 2023','2022-07-13 10:52:13','2022-07-13 11:57:55','62ceb3432c44d.jpeg','<p>Publisher Kodansha opened an official website for a television anime adaptation of <a href=\"https://myanimelist.net/people/52294/\">Katarina</a> and <a href=\"https://myanimelist.net/people/38443/\">Ryousuke Fuji</a>\'s <a href=\"https://myanimelist.net/manga/130331/\">Shangri-La Frontier: Kusoge Hunter, Kamige ni Idoman to su</a> (Shangri-La Frontier) manga on Thursday. The website revealed the main cast, staff, teaser visual (pictured), and project promotional video. The anime is scheduled to premiere in 2023.<br><br>Cast<br>Sunraku (Rakurou Hizutome): <a href=\"https://myanimelist.net/people/33995/\">Yuuma Uchida</a> (Jujutsu Kaisen (TV))<br>Psyger 0 (Rei Saiga): <a href=\"https://myanimelist.net/people/36812/\">Azumi Waki</a> (Isekai Maou to Shoukan Shoujo no Dorei Majutsu)<br>Arthur Pencilgon (Towa Amane): <a href=\"https://myanimelist.net/people/7263/\">Youko Hikasa</a> (RWBY: Hyousetsu Teikoku)<br>Oicazzo (Kei Uomi): <a href=\"https://myanimelist.net/people/39366/\">Makoto Koichi</a> (100-man no Inochi no Ue ni Ore wa Tatteiru)<br>Emul: <a href=\"https://myanimelist.net/people/5250/\">Rina Hidaka</a> (Tate no Yuusha no Nariagari)<br>Viceash: <a href=\"https://myanimelist.net/people/146/\">Akio Ootsuka</a> (Beastars)<br><br>Staff<br>Director: <a href=\"https://myanimelist.net/people/12701/\">Toshiyuki Kubooka</a> (Majo no Tabitabi)<br>Series Composition, Script: <a href=\"https://myanimelist.net/people/15641/\">Kazuyuki Fudeyasu</a> (Tensei shitara Slime Datta Ken)<br>Assistant Director: <a href=\"https://myanimelist.net/people/50462/\">Hiroki Ikeshita</a> (Hitoribocchi no Marumaru Seikatsu)<br>Character Design, Chief Animation Director: <a href=\"https://myanimelist.net/people/38096/\">Ayumi Kurashima</a> (Devilman: Crybaby)<br>Action &amp; Special Effects Director: <a href=\"https://myanimelist.net/people/41466/\">Satoshi Sakai</a> (Shingeki no Kyojin: The Final Season)<br>Color Design: <a href=\"https://myanimelist.net/people/33793/\">Masato Takagi</a> (Tsuki ga Michibiku Isekai Douchuu)<br>Art: <a href=\"http://www.inspired.jp/\">Inspired</a> (Kemono Jihen)<br>2D Works: Azusa Tamura (Koi wa Ameagari no You ni)\\<br>Director of Photography: Hikaru Yamamoku (Araburu Kisetsu no Otome-domo yo. photography)<br>Editing: <a href=\"https://myanimelist.net/people/38890/\">Gou Sadamatsu</a> (Golden Kamuy)<br>Sound Director: <a href=\"https://myanimelist.net/people/35673/\">Akiko Fujita</a> (Dorohedoro)<br>Music: <a href=\"https://myanimelist.net/people/15481/\">MONACA</a> (Assassins Pride)<br>Studio: <a href=\"https://myanimelist.net/anime/producer/605/\">C2C</a><br><br>Katarina began writing the series as a web novel on the Shousetsuka ni Narou website in May 2017. Fuji started to adapt the story into a manga in <a href=\"https://myanimelist.net/manga/magazine/8/\">Weekly Shounen Magazine</a> in July 2020. Kodansha shipped the eighth volume on April 15, while the ninth volume is scheduled to release on July 15.<br><br>Kodansha USA <a href=\"https://myanimelist.net/news/64487327\">licensed</a> the manga digitally in English in November 2020 and released the sixth volume on May 3.<br><br>Shangri-La Frontier was <a href=\"https://myanimelist.net/news/66359929\">nominated</a> at the 46th Kodansha Manga Awards in the Shounen category.<br><br>Synopsis<br>Second-year high school student Rakurou Hizutome is interested in one thing only: finding \"shitty games\" and beating the crap out of them. His gaming skills are second to none, and no game is too bad for him to enjoy. So when he\'s introduced to the new VR game Shangri-La Frontier, he does what he does best—min-maxes and skips the prologue to jump straight into the action. But can even an expert gamer like Rakurou discover all the secrets that Shangri-La Frontier hides...? (Source: Kodansha USA)</p>'),('28bafb5d-22fa-40fe-9a55-05fbde36b671','d6de5dd8-df98-43dd-96a7-b3b9b713b62a','Manhwa \'The Reason Why Raeliana Ended up at the Duke\'s Mansion\' Gets TV Anime','2022-07-13 12:26:51','2022-07-13 12:26:51','62ceba0b24b08.jpeg','<p>An official website for a television anime adaptation of <a href=\"https://myanimelist.net/people/49613/\">Milcha</a> and <a href=\"https://myanimelist.net/people/49656/\">Gorae</a>\'s <a href=\"https://myanimelist.net/manga/118646/\">The Reason Why Raeliana Ended up at the Duke\'s Mansion</a> manhwa opened on Monday. The website revealed the first key visual (pictured).<br><br>Milcha and Gorae serialized the fantasy romance manwha in <a href=\"https://myanimelist.net/manga/magazine/1439/\">Kakao</a> website from September 2017 to March last year and released it physically into 7 volumes. Kadokawa published the manhwa in Japan and shipped the seventh and final volume on July 5.<br><br>Yen Press <a href=\"https://myanimelist.net/news/64487327\">licensed</a> the manhwa in English on October 8. The first volume was released on June 22 while the second volume is scheduled to ship on October 18. The manhwa is also released digitally on the Tappytoon webtoon site.<br><br>Synopsys<br>When Park Eunha dies in modern-day Korea, she awakens in the body of Raeliana McMillan, the eldest daughter of a nouveaux riche baron. However, this is no ordinary world; it\'s the exact same one as a novel she once read. Beloved by her family, it would seem as though she is in a fairy tale. But Raeliana is far from the main character—she is a mere plot device, whose murder at the hands of her fiancé instigates the entire story.<br><br>Raeliana has no intention to accept her fate quietly. She sets her eyes on someone in a position of great power—the vieux riche male protagonist Duke Noah Volstaire Wynknight—aiming to completely change the original story. Using her knowledge of future events, Raeliana offers information to Noah on the condition that he acts as her fake fiancé, but the Duke\'s two-faced nature throws a wrench in her plans! [Written by MAL Rewrite]</p>'),('2e71406f-d7ec-41be-94e3-1bd5d120b83d','d9d5bb12-6d6d-478d-adcc-38cac4bd488c','\'Yuru Yuri Nachuyachumi!+\' TV Specials To Air this Summer, \'San☆Hai!\' in Fall','2022-07-15 10:27:06','2022-07-15 10:27:06','62d140fa859b0.jpg','<p>Yuru Yuri\'s original creator, Namori, announced on her official Twitter that the Yuru Yuri Nachuyachumi! OVA will be broadcast on TV in July. Two new episodes, titled Yuru Yuri Nachuyachumi!+, will then be broadcast on TV in August and September.</p><p>&nbsp;</p><p>These three episodes will lead up to the previously announced third season, Yuru Yuri San☆Hai!, which will begin airing in October.</p><p>&nbsp;</p><p>Yuru Yuri Nachuyachumi! previewed at screenings in theaters in November 2014, and was released on DVD and Blu-ray format in February 2015. The first season of Yuru Yuri aired in 2011 and received a sequel in 2012, each completing at 12 episodes.</p>'),('3f5c9e69-67d0-4001-9a85-0ae21904528b','b13e7a92-429f-4049-8985-fb1abbfa4161','\'Gaikotsu Kishi-sama, Tadaima Isekai e Odekakechuu\' Reveals Additional Cast, Third Promo','2022-07-15 09:50:34','2022-07-15 09:50:34','62d13869b3b35.jpeg','<p>The official website of the Gaikotsu Kishi-sama, Tadaima Isekai e Odekakechuu (Skeleton Knight in Another World) television anime revealed on Friday five additional cast and a third promotional video. The anime is scheduled to premiere on April 7 at 11:30 p.m. on AT-X, followed by Tokyo MX, Sun TV, and BS11.</p><p>&nbsp;</p><p>Cast</p><p>Sect: Kengo Kawanishi (Dr. Stone)</p><p>Dacares: Daiki Hamano (Darling in the FranXX)</p><p>Juliana: Saori Oonishi (Arifureta Shokugyou de Sekai Saikyou)</p><p>Domitian: Akira Ishida (Kimetsu no Yaiba)</p><p>Setrion: Minoru Shiraishi (Hajimete no Gal)</p><p>&nbsp;</p><p>Anisong unit Dialogue+ (Hige wo Soru. Soshite Joshikousei wo Hirou.) is performing the ending theme \"Bokura ga Orokadanante Dare ga Itta,\" which is previewed in the promotional video below.</p><p>&nbsp;</p><p>Katsumi Ono (Senki Zesshou Symphogear G) is helming the anime at animation studios HORNETS and Studio Kai. Takeshi Kikuchi (Night Wizard original creator) is handling the series composition and Tooru Imanishi (Shuumatsu Nani Shitemasu ka? Isogashii Desu ka? Sukutte Moratte Ii Desu ka?) is designing the characters. Eba (Wizard Barristers: Benmashi Cecil opening theme composition) and Tsubasa Itou (Princess Connect! Re:Dive) are composing the music.</p><p>&nbsp;</p><p>The anime adapts Enki Hakari\'s action fantasy novel, which began on the Shousetsuka ni Narou website in October 2014. Overlap began publishing the series featuring illustrations by KeG the following June and published the ninth volume in March 2019.</p><p>&nbsp;</p><p>Akira Sawano began drawing a manga adaptation on Overlap\'s Comic Gardo web manga portal in February 2017. The ninth volume shipped on September 25.</p><p>Seven Seas Entertainment licensed both light novels and manga in English in September 2018. The light novel\'s ninth volume shipped digitally on May 27 and physically on August 3. The manga\'s eighth volume will ship on April 26.</p>'),('4f851d84-2175-463f-87fa-387e99f308ee','d6de5dd8-df98-43dd-96a7-b3b9b713b62a','Panty & Stocking with Garterbelt\' TV Anime Gets New Anime Project','2022-07-13 12:31:50','2022-07-13 12:31:50','62cebb36e921d.jpeg','<p>The <a href=\"https://myanimelist.net/anime/producer/803/\">Trigger</a> 10 Year Anniversary &amp; Announcement Panel announced on Saturday that a second season of <a href=\"https://myanimelist.net/anime/8795/\">Panty &amp; Stocking with Garterbelt</a> animated by Trigger is in production.<br><br>Animation studio <a href=\"https://myanimelist.net/anime/producer/6/\">Gainax</a> produced the 13-episode first season and aired in Fall 2010. Funimation streamed the anime with subtitles and an English dub. The company released a DVD set in July 2012 and Blu-Ray in January 2013.<br><br>The \"Anarchy Sisters,\" Panty and Stocking, have been kicked out of Heaven for, to put it mildly, misbehaving. Led by a priest named Garterbelt, these angels must buy their way back by exterminating ghosts in Daten City. But this task requires unconventional weapons for these unorthodox angels—they transform their lingerie into weapons to dispatch the spirits. Unfortunately, neither of them take their duties seriously, as they rather spend their time in pursuit of other \"hobbies\": Panty prefers to sleep with anything that walks, and Stocking favors stuffing her face with sweets than hunting ghosts.<br><br>Follow these two unruly angels as they battle ghosts, an overflow of bodily fluids, and their own tendency to get side-tracked in Panty &amp; Stocking with Garterbelt. [Written by MAL Rewrite]</p>'),('53c9600b-1f6b-45c8-a6f3-5f50bdef3913','d6de5dd8-df98-43dd-96a7-b3b9b713b62a','Fifth Season of \'Date A Live\' Announced','2022-07-13 11:03:11','2022-07-13 11:59:15','62ceb393958e9.jpeg','<p>The 12th and final episode of the <a href=\"https://myanimelist.net/anime/41461/\">Date A Live IV</a> television anime announced on Saturday that a fifth season is in production. The new season will air under the title Date A Live V.<br><br>The anime series adapts <a href=\"https://myanimelist.net/people/16861/\">Koushi Tachibana</a>\'s <a href=\"https://myanimelist.net/manga/37523/\">sci-fi romance light novel</a>, which began publishing under the Fujimi Fantasia Bunko label in March 2011, featuring illustrations by <a href=\"https://myanimelist.net/people/16991/\">Tsunako</a>. Fujimi Shobo published the 22nd and final volume in March 2020. Date A Live has a cumulative 6 million copies of its compiled volumes in circulation.<br><br><a href=\"https://myanimelist.net/anime/producer/292/\">AIC Plus+</a> produced the <a href=\"https://myanimelist.net/anime/15583/\">first anime season</a> in Spring 2013. The <a href=\"https://myanimelist.net/anime/19163/\">second season</a> by <a href=\"https://myanimelist.net/anime/producer/1053/\">Production IMS</a> premiered in 10 episodes the following Spring. The <a href=\"https://myanimelist.net/anime/24655/\">Date A Live: Mayuri Judgment</a> anime film screened in Japan in August 2015. <a href=\"https://myanimelist.net/anime/producer/7/\">J.C.Staff</a> produced the <a href=\"https://myanimelist.net/anime/36633/\">third season</a>, which aired in Winter 2019.<br><br>The fourth season by <a href=\"https://myanimelist.net/anime/producer/1857/\">GEEK TOYS</a> premiered on April 8. The animation studio also produced the two-part <a href=\"https://myanimelist.net/anime.php?cat=anime&amp;q=Date+A+Bullet&amp;type=3&amp;p=1857\">Date A Bullet</a> spin-off movie, which opened in theaters in August and November 2020.</p>'),('5d1ad9f1-d89d-455f-b68c-885484ecf25a','b13e7a92-429f-4049-8985-fb1abbfa4161','\'Shokei Shoujo no Virgin Road\' Announces Additional Cast','2022-07-15 10:02:23','2022-07-15 10:02:23','62d13b2f9d90f.jpeg','<p>The official website for the television anime adaptation of Mato Satou\'s Shokei Shoujo no Virgin Road (The Executioner and Her Way of Life) light novel revealed three additional cast members on Sunday. The anime is scheduled to premiere on April 2 at 1:30 a.m. on Tokyo MX and BS11, followed by AT-X.</p><p>&nbsp;</p><p>Cast</p><p>Mitsuki: Yuuma Uchida (Scarlet Nexus)</p><p>Flare: Yuuko Kaida (The God of High School)</p><p>Orwell: Tamie Kubota (Selector Infected WIXOSS)</p><p>&nbsp;</p><p>Yoshiki Kawasaki (Honzuki no Gekokujou assistant director) is helming the anime at J.C.Staff, with Shougo Yasukawa (Nejimaki Seirei Senki: Tenkyou no Alderamin) handling the series composition. Keiko Tamaki (Hataraku Saibou!! sub-character design) is in charge of the character designs and Michiru (Given) composes the music.</p><p>&nbsp;</p><p>Satou originally launched the light novel on the Shousetsuka ni Narou website before SB creative began publishing it through its GA Bunko imprint in July 2019, featuring illustrations by Nilitsu. The sixth volume shipped on August 15. Yen Press licensed the light novel in English in September 2020 and will ship the fourth volume on April 19.</p>'),('752ce3b6-f7ae-4761-b2a4-0285951c97e3','d9d5bb12-6d6d-478d-adcc-38cac4bd488c','\'Noragami\' and \'Nanatsu no Taizai\' Manga Bundle New OVAs','2022-07-15 10:28:13','2022-07-15 10:28:13','62d1413d888a6.jpg','<p>It has been announced that upcoming manga volumes of Noragami and Nanatsu no Taizai will bundle new anime discs.</p><p>&nbsp;</p><p>Noragami has two OVAs planned, to be bundled with the 15th and 16th manga volumes on November 17, 2015 and March 17, 2016, respectively. The first will feature the chapter, Nijikan no Teikei ni So Koto (Following A Stereotypical Two Hours), from the spin-off series Noragami: Shuuishuu (pictured right). The second will be based on the 41st chapter of the manga, where the main characters pay a visit to Capyper Land. Previously, a 2-episode OVA was released in 2014. The first episode adapted the 25th chapter of the manga, and the second episode adapted the cherry blossom-viewing arc.</p><p>&nbsp;</p><p>&nbsp;</p><p>Nanatsu no Taizai\'s new OVA will be bundled with the upcoming 16th volume of the manga, to be released on August 12. The anime disc will feature side stories of the main characters in omnibus format. An OVA episode featuring the sin of greed, Nanatsu no Taizai: Ban no Bangai-hen, was previously announced to be bundled with the manga\'s 15th volume. It will be released on June 17.</p>'),('779988e3-06ac-475f-bbe8-fd576be92487','b13e7a92-429f-4049-8985-fb1abbfa4161','\'Kono Healer, Mendokusai\' Announces Additional Cast','2022-07-13 13:22:29','2022-07-13 13:22:59','62cec71516353.jpeg','<p>The official website of the <a href=\"https://myanimelist.net/anime/48742/\">Kono Healer, Mendokusai</a> (Don\'t Hurt Me, My Healer!) television anime revealed 20 additional cast members and the opening theme on Monday. The anime premiered on AT-X on April 10 at 9:00 p.m., followed by Tokyo MX, BS11, and Kantele.<br><br>Cast<br>Beast: <a href=\"https://myanimelist.net/people/22195/\">Chado Horii</a> (Genei wo Kakeru Taiyou)<br>Gobkichi: <a href=\"https://myanimelist.net/people/14425/\">Hina Sakurai</a> (Viper\'s Creed)<br>Cyclops: <a href=\"https://myanimelist.net/people/45495/\">Tarou Kiuchi</a> (BNA)<br>Orc: <a href=\"https://myanimelist.net/people/7512/\">Kenji Akabane</a> (Magi: The Kingdom of Magic)<br>Witch: <a href=\"https://myanimelist.net/people/80/\">Aya Hisakawa</a> (Kyousou Giga (TV))<br>Thief: <a href=\"https://myanimelist.net/people/11622/\">Ayane Sakura</a> (Maoujou de Oyasumi)<br>Golem: <a href=\"https://myanimelist.net/people/395/\">Tetsu Inada</a> (Maou Gakuin no Futekigousha: Shijou Saikyou no Maou no Shiso, Tensei shite Shison-tachi no Gakkou e Kayou)<br>Zombies: <a href=\"https://myanimelist.net/people/38438/\">Kouhei Amasaki</a> (Re:Zero kara Hajimeru Isekai Seikatsu)<br>Ellie: <a href=\"https://myanimelist.net/people/46817/\">Hiyori Kouno</a> (Death March kara Hajimaru Isekai Kyousoukyoku)<br>Dryad: <a href=\"https://myanimelist.net/people/211/\">Saori Gotou</a> (Fairy Tail: Final Series)<br>Medusa: <a href=\"https://myanimelist.net/people/49032/\">Yuuko Natsuyoshi</a> (Kenja no Deshi wo Nanoru Kenja)<br>Brigan: <a href=\"https://myanimelist.net/people/2/\">Tomokazu Sugita</a> (Goblin Slayer)<br>Anna: <a href=\"https://myanimelist.net/people/9593/\">Mai Fuchigami</a> (Outbreak Company)<br>Ryoko: <a href=\"https://myanimelist.net/people/21543/\">Yumiri Hanamori</a> (Shinchou Yuusha: Kono Yuusha ga Ore Tueee Kuse ni Shinchou Sugiru)<br>Receptionist: <a href=\"https://myanimelist.net/people/35441/\">Marika Kouno</a> (Kami-tachi ni Hirowareta Otoko)<br>Mimic: <a href=\"https://myanimelist.net/people/222/\">Ayaka Saitou</a> (Jewelpet)<br>Celia: <a href=\"https://myanimelist.net/people/30901/\">Maria Naganawa</a> (Kobayashi-san Chi no Maid Dragon)<br>Cyclops Lady: <a href=\"https://myanimelist.net/people/19884/\">Saori Oonishi</a> (Monster Musume no Iru Nichijou)<br>Brigun: Chado Horii<br>Brigin: <a href=\"https://myanimelist.net/people/6724/\">Gou Shinomiya</a> (Ao no Exorcist: Kyoto Fujouou-hen)<br>Mayor: Yuki Tamai<br><br><a href=\"https://myanimelist.net/people/48883/\">Nobuaki Nakanishi</a> (Mahoujin Guruguru) helms the anime at animation studio <a href=\"https://myanimelist.net/anime/producer/755/\">Jumondo</a>. <a href=\"https://myanimelist.net/people/8067/\">Fumihiko Shimo</a> (Dumbbell Nan Kilo Moteru?) is penning the script and handling the series composition.<a href=\"https://myanimelist.net/people/38757/\">Chisato Kikunaga</a> (Koisuru Asteroid chief animation director) is designing the characters.<br><br>The anime adapts <a href=\"https://myanimelist.net/people/50990/\">Tannen ni Hakkou</a>\'s comedy-fantasy<a href=\"https://myanimelist.net/manga/125180/\"> manga</a>, which began serializing on the <a href=\"https://myanimelist.net/manga/magazine/1159/\">ComicWalker</a> web manga portal in July 2019. Kadokawa will ship the fifth volume on April 22.</p>'),('86efe033-2751-4c22-8d2d-afa7aaa4f23c','d9d5bb12-6d6d-478d-adcc-38cac4bd488c','Broadcast Premiere of \'God Eater\' Delayed by One Week','2022-07-15 10:25:23','2022-07-15 10:25:23','62d14093174de.jpg','<p>God Eater, originally scheduled to premiere on July 5, will be postponed by one week, according to an announcement on the official website. A special program titled God Eater Extra will air in the time slot instead of the first episode. The announcement reasoned that the project staff wanted to deliver a work quality that meets fan expectations.</p><p>&nbsp;</p><p>An early screening of the first episode, originally scheduled for June 28 at Akihabara UDX, had been canceled last week. That episode is also scheduled for screening on the third day of Anime Expo 2015 in Los Angeles this weekend, but that is unlikely to occur.</p><p>&nbsp;</p><p>God Eater is based on an action role-playing game of the same name released in 2010 on PlayStation Portable. Its adaptation is being animated by ufotable.</p>'),('89d5ebc4-9aea-4c9f-bcf6-bc0590e820a5','b13e7a92-429f-4049-8985-fb1abbfa4161','\'Love All Play\' Announces Pair of Cast','2022-07-13 13:24:09','2022-07-13 13:24:09','62cec779136c5.jpeg','<p>The official website of the <a href=\"https://myanimelist.net/anime/49556/\">Love All Play</a> television anime revealed two supporting cast members on Friday. The anime premiered on April 2 at 5:30 p.m. on NTV and Yomiuri TV.<br><br>Cast<br>Kenjin Yusa: <a href=\"https://myanimelist.net/people/196/\">Kishou Taniyama</a> (Ahiru no Sora)<br>Yuusuke Yokokawa: <a href=\"https://myanimelist.net/people/64/\">Hiroki Takahashi</a> (Tennis no Ouji-sama)<br><br><a href=\"https://myanimelist.net/people/29285/\">Hiroshi Takeuchi</a> (Blade &amp; Soul) is helming the anime at <a href=\"https://myanimelist.net/anime/producer/22/\">Nippon Animation</a> and <a href=\"https://myanimelist.net/anime/producer/28/\">OLM</a>. <a href=\"https://myanimelist.net/people/8462/\">Tomoko Konparu</a> (Ao Haru Ride) is handling the series composition and is penning the script with <a href=\"https://myanimelist.net/people/30221/\">Miharu Hirami</a> (Handa-kun), <a href=\"https://myanimelist.net/people/26493/\">Shingo Irie</a> (Hinomaruzumou), and <a href=\"https://myanimelist.net/people/2096/\">Michiko Yokote</a> (Tsurune: Kazemai Koukou Kyuudoubu). <a href=\"https://myanimelist.net/people/55053/\">Riko Kaneda</a> (Yakunara Mug Cup mo animation director) is designing the characters and <a href=\"https://myanimelist.net/people/21495/\">Yuki Hayashi</a> (Bakuten!!) is composing the music.<br><br>The anime adapts <a href=\"https://myanimelist.net/people/55054/\">Asami Koseki</a>\'s badminton novel, which had its first novel shipped under Poplar\'s Pureful imprint in May 2011. The fourth and latest novel was released in March 2014. A new edition of the novel released on August 25.<br><br><a href=\"https://myanimelist.net/anime/producer/1365/\">Shueisha</a> will begin serializing a manga adaptation of Love All Play on with art by Dam Miyata in their Tonari no Young Jump magazine on April 8.</p>'),('94c1cd63-995c-4e12-92ea-505758bb54c2','d6de5dd8-df98-43dd-96a7-b3b9b713b62a','Manga \'Mashle\' Gets TV Anime in 2023','2022-07-13 10:55:59','2022-07-13 12:09:32','62ceb5fc0268e.jpeg','<p>Aniplex announced on Monday a television anime adaptation of <a href=\"https://myanimelist.net/people/50439/\">Hajime Koumoto</a>\'s <a href=\"https://myanimelist.net/manga/124085/\">Mashle</a> (Mashle: Magic &amp; Muscles). The company also opened an official website revealing a teaser visual (pictured) and an announcement video. The anime is scheduled to premiere in 2023.<br><br>Koumoto began serializing the action-comedy manga in <a href=\"https://myanimelist.net/manga/magazine/83/\">Weekly Shounen Jump</a> magazine in January 2020. Shueisha shipped the 12th volume on July 4. Mashle has a cumulative 3 million copies of its compiled volumes worldwide.<br><br>VIZ Media licensed the manga in English in October 2020. The sixth volume was released on May 17 and the seventh volume is scheduled to ship on July 19. Mashle is also sims published on the MANGA Plus website.<br><br>Synopsis<br>To everyone else in his magic-dominated world, the young and powerless Mash Burnedead is a threat to the gene pool and must be purged. Living secretly in the forest, he spends every day training his body, building muscles strong enough to compete with magic itself! However, upon having his identity exposed and his peaceful life threatened, Mash begins his journey to becoming a \"Divine Visionary,\" a role so powerful that society would have no choice but to accept his existence.<br><br>And so, in order to maintain his peaceful life, the magicless Mash enrolls in the prestigious Easton Magic Academy, competing against the children of some of the most powerful and elite in the realm. Lacking the very skill needed to survive at Easton, magic, Mash appears to already be at a disadvantage to his fellow classmates. In order to achieve his goals, Mash will have to fight his way through every trial using his fists alone, overcoming magic with muscles, all for the illustrious title of Divine Visionary! [Written by MAL Rewrite]</p>'),('a2038ff4-4cd9-4244-8f15-d070e080dda9','b13e7a92-429f-4049-8985-fb1abbfa4161','\'Otome Game Sekai wa Mob ni Kibishii Sekai desu\' Reveals Additional Cast, Staff','2022-07-15 10:14:16','2022-07-15 10:14:16','62d13df85962b.jpeg','<p>The official website for the anime adaptation of Yomu Mishima\'s Otome Game Sekai wa Mob ni Kibishii Sekai desu (Trapped in a Dating Sim: The World of Otome Games is Tough for Mobs) light novel revealed an additional cast, staff, a new key visual (pictured), and a second promotional video on Tuesday. The series is scheduled to premiere on April 3 at 10:00 p.m. on AT-X, followed by TOKYO MX, Yomiuri TV, and BS Nippon Television.</p><p>&nbsp;</p><p>Staff</p><p>Art Direction: Ryousuke Kawai (Tesla Note), Takamasa Nakakuki (Layton Mystery Tanteisha: Katri no Nazotoki File)</p><p>Art Design: Youko Nakao (Honoo no Labyrinth)</p><p>Color Design: Miho Hasegawa (Sakugan)</p><p>Director of Photography: Tomoyuki Ishiyama (Gegege no Kitarou (2018))</p><p>Editing: Yuusuke Ueno (Platinum End)</p><p>Sound Director: Takatoshi Hamano (Tsuki to Laika to Nosferatu)</p><p>Sound Effects: Yui Andou (Kami no Tou)</p><p>Music: Shou Aratame (Lord of Vermilion: Guren no Ou), Kana Hashiguchi (A3! Season Spring &amp; Summer)</p><p>&nbsp;</p><p>Akira Ishida (Mars Red) is voicing the spherical AI, Luxion.</p><p>&nbsp;</p><p>Kazuya Miura (Kyuukyoku Shinka shita Full Dive RPG ga Genjitsu yori mo Kusoge Dattara) and Shinichi Fukumoto (Tantei wa Mou, Shindeiru. assistant director) are helming the anime at animation studio ENGI. Kenta Ihara (Ore dake Haireru Kakushi Dungeon) is handling the series composition and Masahiko Suzuki (Overlord II sub-character design) is designing the characters.</p><p>&nbsp;</p><p>Mishima began penning the fantasy romance novel on the Shousetsuka ni Narou website in October 2017. Micro Magazine began publishing the series through its GC Novels imprint in May 2018. The ninth volume shipped on November 30.</p><p>&nbsp;</p><p>A manga adaptation by Jun Shiosato began serialization under Nico Nico Seiga\'s Dra-Dra-Dragon Age digital manga portal—now Dra-Dra Sharp#—in October 2018. Kadokawa published the seventh volume on January 8. The publisher\'s ComicWalker platform also serializes the manga.</p><p>&nbsp;</p><p>Seven Seas Entertainment licensed the light novel and manga adaptation in English last April and December, respectively. The fifth novel volume shipped physically on March 8, with the fifth novel released digitally on January 20. The fourth manga volume will ship on April 19.</p>'),('a4477173-395a-4bb9-807c-89e01d03f0f6','d6de5dd8-df98-43dd-96a7-b3b9b713b62a','Anime Project of \'Isekai de Mofumofu Nadenade suru Tame ni Ganbattemasu.\' Light Novel in Progress','2022-07-13 12:24:57','2022-07-13 12:24:57','62ceb9998fbd6.jpeg','<p>The 13th volume of <a href=\"https://myanimelist.net/people/49914/\">Himawari</a>\'s <a href=\"https://myanimelist.net/manga/149114/\">Isekai de Mofumofu Nadenade suru Tame ni Ganbattemasu.</a> (I\'m Doing My Best to Make Myself at Home in Another World) light novel announced on Friday that an anime project for the series is in progress.<br><br>Himawari <a href=\"https://ncode.syosetu.com/n5077bk/\">originally began</a> writing the slice-of-life fantasy series on the Shousetsuka ni Narou website in November 2012. Futabasha began publishing the title through its M Novels f label with illustrations by <a href=\"https://myanimelist.net/people/59618/\">Ran Kirou</a> in July 2016.<br><br>A <a href=\"https://myanimelist.net/manga/114259/\">manga adaptation</a> by <a href=\"https://myanimelist.net/people/31515/\">Yuriko Takagami</a> began on the <a href=\"https://myanimelist.net/manga/magazine/1424/\">Monster Comics</a> website in November 2017. Futabasha shipped the ninth volume on April 28. The series has a cumulative 1.6 million copies of its light novel and manga volumes in circulation.<br><br>Synopsis<br>After a series of events, I received a gift from God and was reincarnated in another world! The super ordinary me fully enjoyed other world life while being watched over by my high-profile family. I spend my days fluffing and petting fantasy animals, thanks to the ability I received from God. There are also some dubious activities, but I\'ll do my best at various things with my cheat-like comrades while following God\'s lead!</p>'),('afd888f2-1c60-4fd7-8ab0-22f79c8bceca','d6de5dd8-df98-43dd-96a7-b3b9b713b62a','Manga \'Nokemono-tachi no Yoru\' Gets TV Anime','2022-07-13 12:33:29','2022-07-13 12:33:29','62cebb99603e6.jpeg','<p>Publisher Shogakukan opened an official website for a television anime adaptation of <a href=\"https://myanimelist.net/people/53191/\">Makoto Hoshino</a>\'s <a href=\"https://myanimelist.net/manga/132120/\">Nokemono-tachi no Yoru</a> (The Tale of the Outcasts) manga on Thursday and revealed a teaser visual (pictured above).<br><br>Hoshino serialized the fantasy manga in <a href=\"https://myanimelist.net/manga/magazine/229/\">Shounen Sunday</a> from August 2019 to last year\'s April. Shogakukan shipped the eighth and final volume in May of the same year.<br><br>Seven Seas Entertainment licensed the manga in English in August 2020. The fifth volume shipped on June 28, and the sixth volume is scheduled to release on November 15.<br><br>Wisteria is an orphan girl living in a corner of the British Empire at the end of the 19th century. Her life is desolate and bleak–until she encounters Marbas, a powerful but equally lonely immortal being with a furry appearance, hounded by hunters. Together, Wisteria and Marbas roam the Empire–populated by humans and human-like beasts–in search of a place where they can live together in peace. (Source: Seven Seas Entertainment)</p>'),('b434c7a8-d5b6-4452-9677-708d2a0c0656','b13e7a92-429f-4049-8985-fb1abbfa4161','\'Komi-san wa, Comyushou desu.\' 2nd Season Reveals Supporting Cast, Promo','2022-07-15 10:18:31','2022-07-15 10:18:31','62d13ef7786db.jpeg','<p>The official website of the Komi-san wa, Comyushou desu. (Komi Can\'t Communicate) anime series revealed four supporting cast and the first promotional video for the second season on Wednesday. The new season will begin airing on April 7 at 12:00 a.m. on TV Tokyo, followed by TV Osaka, TV Aichi, and BS TV Tokyo. Netflix will exclusively stream the second season.</p><p>&nbsp;</p><p>Cast</p><p>Makoto Katai: Shinichirou Kamio (Yakusoku no Neverland 2nd Season)</p><p>Shisuto Naruse: Katsuyuki Miura (SD Gundam World Heroes) NEW</p><p>Chuusaku Kometani: Shoutarou Uzawa (Jibaku Shounen Hanako-kun) NEW</p><p>Mikuni Katou: Fumiko Uchimura (Watashi, Nouryoku wa Heikinchi de tte Itta yo ne!) NEW</p><p>Ayami Sasaki: Minami Takahashi (Sentouin, Hakenshimasu!) NEW</p><p>&nbsp;</p><p>Note: The cast list includes voice actors that have been announced since the original news. The four new voice actors are denoted with legend NEW.</p><p>&nbsp;</p><p>Voice actress Miku Itou (Adachi to Shimamura) is performing the opening theme \"Ao 100-iro.\" J-pop unit FantasticYouth (World Trigger 3rd Season) is performing the ending theme \"Koshaberi Biyori.\" The promotional video below previews both theme songs.</p><p>&nbsp;</p><p>Kazuki Kawagoe (Koisuru Asteroid episode director) is returning to direct the second season at OLM, with chief director Ayumu Watanabe (Koi wa Ameagari no You ni). Deko Akao (Hitomi Mieno) (Hige wo Soru. Soshite Joshikousei wo Hirou.) is also returning to handle the series composition and Atsuko Nakajima (Sakamoto Desu ga?) is once again designing the characters.</p><p>&nbsp;</p><p>The anime series adapts Tomohito Oda\'s school comedy manga, which he originally published as a one-shot in Weekly Shounen Sunday in September 2015. The magazine began serializing the manga in May 2016. Shogakukan published the 24th volume on January 18.</p>'),('c570c601-4684-468f-a64c-78a81f74a850','d6de5dd8-df98-43dd-96a7-b3b9b713b62a','Manhwa \'Solo Leveling\' Gets Anime in 2023','2022-07-12 07:45:15','2022-07-13 12:09:45','62ceb609d5c73.jpeg','<p>The <a href=\"https://myanimelist.net/anime/producer/1468/\">Crunchyroll</a> Industry Panel at Anime Expo announced on Sunday an anime adaptation of <a href=\"https://myanimelist.net/people/49667/\">Chugong</a>\'s <a href=\"https://myanimelist.net/manga/121496/\">Solo Leveling</a> manhwa. The panel also revealed the main staff, teaser visual (pictured), and teaser promotional video. The anime is scheduled to premiere in 2023 on Crunchyroll.<br><br>Staff<br>Director: <a href=\"https://myanimelist.net/people/53467/\">Shunsuke Nakashige</a> (Megami-ryou no Ryoubo-kun., Sword Art Online: Alicization episode director)<br>Series Composition: <a href=\"https://myanimelist.net/people/2415/\">Noboru Kimura</a> (Kemono Jihen, Kyoukai Senki)<br>Character Design: <a href=\"https://myanimelist.net/people/40552/\">Tomoko Sudou</a> (Fragtime, Imawa no Kuni no Alice (OVA))<br>Music: <a href=\"https://myanimelist.net/people/8509/\">Hiroyuki Sawano</a> (86, Shingeki no Kyojin)<br>Studio: <a href=\"https://myanimelist.net/anime/producer/56/\">A-1 Pictures</a><br><br>Chugong began writing the action adventure series as a web novel on the <a href=\"https://myanimelist.net/manga/magazine/1439/\">Kakao</a> website and was published by D&amp;C Media from July 2016 to March 2018 in 14 volumes. A webtoon adaptation drawn by <a href=\"https://myanimelist.net/people/49668/\">Sung-rak Jang</a> began in Kakao in March 2018 and ended on December 29 last year.<br><br>Yen Press licensed the manhwa and web novel in English in August 2020 and shipped the fourth volume of the manhwa on May 10.<br><br>Synopsis<br>Ten years ago, \"the Gate\" appeared and connected the real world with the realm of magic and monsters. To combat these vile beasts, ordinary people received superhuman powers and became known as \"Hunters.\" Twenty-year-old Sung Jin-Woo is one such Hunter, but he is known as the \"World\'s Weakest,\" owing to his pathetic power compared to even a measly E-Rank. Still, he hunts monsters tirelessly in low-rank Gates to pay for his mother\'s medical bills.<br><br>However, this miserable lifestyle changes when Jin-Woo—believing himself to be the only one left to die in a mission gone terribly wrong—awakens in a hospital three days later to find a mysterious screen floating in front of him. This \"Quest Log\" demands that Jin-Woo completes an unrealistic and intense training program, or face an appropriate penalty. Initially reluctant to comply because of the quest\'s rigor, Jin-Woo soon finds that it may just transform him into one of the world\'s most fearsome Hunters. [Written by MAL Rewrite]</p>'),('d065ea6a-30c5-4fbc-ac5f-af9b64d8f625','d6de5dd8-df98-43dd-96a7-b3b9b713b62a','Manga \'Tomo-chan wa Onnanoko!\' Gets TV Anime for Winter 2023','2022-07-12 07:32:28','2022-07-13 12:10:00','62ceb618d77b8.jpeg','<p>The <a href=\"https://myanimelist.net/anime/producer/1468/\">Crunchyroll</a> Industry Panel at Anime Expo announced on Sunday a television anime adaptation of <a href=\"https://myanimelist.net/people/23483/\">Fumita Yanagida</a>\'s <a href=\"https://myanimelist.net/manga/92149/\">Tomo-chan wa Onnanoko!</a> (Tomo-chan Is a Girl!) manga. The panel also revealed the main staff, cast, teaser visual (pictured) and teaser promotional video.The anime is scheduled to premiere in January 2023.<br><br>Cast<br>Tomo Aizawa: <a href=\"https://myanimelist.net/people/34785/\">Rie Takahashi</a> (Kanojo, Okarishimasu)<br>Junichiro Kubota: <a href=\"https://myanimelist.net/people/20156/\">Kaito Ishikawa</a> (Kakkou no Iinazuke)<br>Misuzu Gundo: <a href=\"https://myanimelist.net/people/5250/\">Rina Hidaka</a> (Kawaii dake ja Nai Shikimori-san)<br>Carol Olston: <a href=\"https://myanimelist.net/people/48349/\">Sally Amaki</a> (22/7)<br><br>Staff<br>Director: <a href=\"https://myanimelist.net/people/11268/\">Hitoshi Nanba</a> (Golden Kamuy)<br>Assistant Director: <a href=\"https://myanimelist.net/people/42429/\">Noriko Hashimoto</a> (High School Fleet)<br>Series Composition: <a href=\"https://myanimelist.net/people/46742/\">Megumi Shimizu</a> (Otome Game no Hametsu Flag shika Nai Akuyaku Reijou ni Tensei shiteshimatta...)<br>Character Design: Shiori Hiraiwa (Wonder Egg Priority 2nd key animation)<br>Music: <a href=\"https://myanimelist.net/people/7520/\">Masaru Yokoyama</a> (Fruits Basket 1st Season)<br>Studio: <a href=\"https://myanimelist.net/anime/producer/1087/\">Lay-duce</a><br><br>Yanagida began writing the romantic comedy series on the Twi4 Twitter account and was published on the Saizensen website from April 2015 to July 2019. Kodansha released the eighth and final volume in September 2019. Seven Seas Entertainment <a href=\"https://myanimelist.net/news/53555953\">licensed</a> the manga in English in February 2018 and released the eighth and final volume in September 2020.<br><br>Synopsis<br>Tomo Aizawa and Junichirou \"Jun\" Kubota are the tightest bros you\'d ever see. They roughhouse and spar, but through thick and thin, they\'ve got each other\'s back. Yet, there\'s just one small problem: Tomo is in love with Jun!<br><br>Since she was young, tomboyish Tomo has been just another one of the guys; due to his extreme muscle-brained nature, Jun doesn\'t notice any of her advances—not even when she explicitly confesses. To add insult to injury, for the longest time, he didn\'t even realize that she was a girl.<br><br>Tomo-chan wa Onnanoko! follows the comedic hijinks of Tomo and her friends as she tries to catch Jun\'s eye and escape the infamous brozone. [Written by MAL Rewrite]</p>'),('da22bd3b-43af-462d-8dba-eb457860b9a6','d6de5dd8-df98-43dd-96a7-b3b9b713b62a','Manga \'Isekai Shikkaku\' Gets TV Anime','2022-07-12 07:25:59','2022-07-13 12:10:24','62ceb630b230d.jpeg','<p>The official Twitter account of mangaka <a href=\"https://myanimelist.net/people/40594/\">Takahiro Wakamatsu</a> announced a television anime adaptation of his and <a href=\"https://myanimelist.net/people/43522/\">Hiroshi Noda</a>\'s <a href=\"https://myanimelist.net/manga/122150/\">Isekai Shikkaku</a> (No Longer Human...In Another World) manga on Monday.<br><br>Noda and Wakamatsu began serializing the fantasy comedy manga on the <a href=\"https://myanimelist.net/manga/magazine/1097/\">Yawaraka Spirits</a> website in October 2019. Shogakukan shipped the sixth volume on January 12, with the seventh volume is scheduled to be released on July 12.<br><br>Seven Seas Entertainment <a href=\"https://myanimelist.net/news/66018126\">licensed</a> the manga in English on May 4 and will release the first volume this October.<br><br>Synopsis<br>An adventure in another world with cute girls by your side and video game-like powers–sounds like an anime fan\'s dream, right? Not so for melancholic author Osamu Dazai, who would quite literally prefer to drop dead. Video games haven\'t even been invented yet when he gets yanked into another world in 1948. Really, all the fantastical adventure he keeps running into is just getting in the way of his poetic dream of finding the perfect place to die. But no matter how much he risks his hide, everything seems to keep turning out okay. Follow a miserable hero like no other in this cheerfully bleak isekai comedy! (Source: Seven Seas Entertainment)</p>'),('fd055656-4f83-4d28-b82b-7523ad756dcb','d6de5dd8-df98-43dd-96a7-b3b9b713b62a','\'Birdie Wing: Golf Girls\' Story\' Gets Second Season in Winter 2023','2022-07-13 12:34:07','2022-07-13 12:34:07','62cebbbf5a9ad.jpeg','<p>The 13th and final episode of <a href=\"https://myanimelist.net/anime/50248/\">Birdie Wing: Golf Girls\' Story</a> announced on Wednesday that it is receiving a second season. The official website also revealed a teaser visual (pictured) and teaser promotional video. The anime is scheduled to premiere in January 2023.<br><br><a href=\"https://myanimelist.net/anime/producer/1258/\">Bandai Namco Pictures</a> produced the first season, which aired in Spring 2022. Crunchyroll simulcast the first season with subtitles as it aired in Japan.<br><br>Synopsis<br>Infamous among those who gamble on golf games, Eve uses her exceptional skill in the sport to earn a living—by betting and winning against various opponents. Known as the \"Rainbow Bullet,\" she vows to beat her foes and conquer the world of underground golf using only three clubs. However, the universe where Eve knows no defeat is shaken after she plays a clean game with Aoi Amawashi, a golfing prodigy that came to the country of Nafrece to enter a golf tournament. Armed with talent and born into the perfect environment for golf, Aoi the \"Innocent Tyrant\" calmly crushes her enemies with a bright smile on her face.<br><br>After their game-changing match, Eve and Aoi become intrigued with each other and promise to battle again someday. As Eve\'s aggressive and risk-taking approach challenges the elite and steady playstyle of Aoi, the two geniuses may just manage to bring golf to unexpected heights. [Written by MAL Rewrite]</p>');
/*!40000 ALTER TABLE `news` ENABLE KEYS */;
UNLOCK TABLES;

--
-- Table structure for table `news_categories`
--

DROP TABLE IF EXISTS `news_categories`;
/*!40101 SET @saved_cs_client     = @@character_set_client */;
/*!40101 SET character_set_client = utf8 */;
CREATE TABLE `news_categories` (
  `id` char(36) COLLATE utf8mb4_unicode_ci NOT NULL,
  `news_category` varchar(64) COLLATE utf8mb4_unicode_ci NOT NULL,
  `created_at` timestamp NULL DEFAULT NULL,
  `updated_at` timestamp NULL DEFAULT NULL,
  PRIMARY KEY (`id`)
) ENGINE=InnoDB DEFAULT CHARSET=utf8mb4 COLLATE=utf8mb4_unicode_ci;
/*!40101 SET character_set_client = @saved_cs_client */;

--
-- Dumping data for table `news_categories`
--

LOCK TABLES `news_categories` WRITE;
/*!40000 ALTER TABLE `news_categories` DISABLE KEYS */;
INSERT INTO `news_categories` VALUES ('b13e7a92-429f-4049-8985-fb1abbfa4161','Anime Spring 2022','2022-07-13 13:20:30','2022-07-13 13:20:30'),('d6de5dd8-df98-43dd-96a7-b3b9b713b62a','New anime','2022-07-12 07:24:25','2022-07-12 07:30:34'),('d9d5bb12-6d6d-478d-adcc-38cac4bd488c','Anime Sumer 2015','2022-07-15 10:20:19','2022-07-15 10:20:19');
/*!40000 ALTER TABLE `news_categories` ENABLE KEYS */;
UNLOCK TABLES;

--
-- Table structure for table `orderdetails`
--

DROP TABLE IF EXISTS `orderdetails`;
/*!40101 SET @saved_cs_client     = @@character_set_client */;
/*!40101 SET character_set_client = utf8 */;
CREATE TABLE `orderdetails` (
  `id` char(36) COLLATE utf8mb4_unicode_ci NOT NULL,
  `quantity` int(11) NOT NULL DEFAULT 0,
  `price` double(9,2) unsigned NOT NULL DEFAULT 0.00,
  `p_id` varchar(191) COLLATE utf8mb4_unicode_ci NOT NULL,
  `o_id` varchar(191) COLLATE utf8mb4_unicode_ci NOT NULL,
  `created_at` timestamp NULL DEFAULT NULL,
  `updated_at` timestamp NULL DEFAULT NULL,
  PRIMARY KEY (`id`),
  KEY `orderdetails_p_id_foreign` (`p_id`),
  KEY `orderdetails_o_id_foreign` (`o_id`),
  CONSTRAINT `orderdetails_o_id_foreign` FOREIGN KEY (`o_id`) REFERENCES `orders` (`id`),
  CONSTRAINT `orderdetails_p_id_foreign` FOREIGN KEY (`p_id`) REFERENCES `products` (`id`)
) ENGINE=InnoDB DEFAULT CHARSET=utf8mb4 COLLATE=utf8mb4_unicode_ci;
/*!40101 SET character_set_client = @saved_cs_client */;

--
-- Dumping data for table `orderdetails`
--

LOCK TABLES `orderdetails` WRITE;
/*!40000 ALTER TABLE `orderdetails` DISABLE KEYS */;
INSERT INTO `orderdetails` VALUES ('05aa225c-fb15-41e6-9cf4-1c949a6cbe80',2,65.46,'32081f31-b34a-4dc3-95a0-f0d2d8080a9a','5c9099df-d99f-43a2-af26-b230322a3d30','2022-07-15 12:20:43','2022-07-15 12:21:31'),('066c9a13-8c59-4bc6-9f04-82034d46dec8',1,9.99,'c1994164-f7b3-431e-a4cb-43f143fd7a3a','02b3d37f-ef06-4a53-b1af-4dfa90bdfb6a','2022-07-15 12:38:08','2022-07-15 12:38:08'),('0cff3596-0d6c-4a6a-8217-9c584a1cdd3e',1,62.17,'a5bb242a-ee33-40fd-b1e5-a8f367befc0a','6cc690d7-cb92-4af8-a518-268878d3e5ce','2022-07-11 15:20:13','2022-07-11 15:20:13'),('0f79f3c0-4f31-4874-ad4c-5e43901979bd',1,9.99,'1bd52975-fd1c-4b22-a7fd-6b0670140d26','17d94a8a-9c04-4878-a49b-64e763b38893','2022-07-15 12:37:24','2022-07-15 12:37:24'),('106c46d0-d8ba-43c1-8fcb-3fb4afe9c131',1,90.00,'36add534-f037-4b39-a72b-7e4efd2642fa','2e80a8ae-c24c-4fcc-9cc8-2fc8837c2d12','2022-07-15 12:02:06','2022-07-15 12:02:06'),('16090fa0-6e02-4357-b0bb-99834b36d373',2,9.99,'591a8273-4e30-4234-ac96-5cffb0550940','561741e6-4ea8-487c-bd8d-172b0f3bf933','2022-07-15 12:23:19','2022-07-15 12:23:26'),('187f19df-49a9-4743-8cfb-ed6fa68136c4',1,54.23,'bb46f8c5-fe1f-425f-867a-4ce4cfa118d5','5c9099df-d99f-43a2-af26-b230322a3d30','2022-07-15 12:21:19','2022-07-15 12:21:19'),('1b3cf469-e374-467d-be33-c93bd7e15c9c',5,49.99,'9fd42c02-60ca-4d53-90af-721e46905b1a','9771cd12-03ea-4a8e-862b-806e7c94eb5e','2022-07-15 12:31:46','2022-07-15 12:31:46'),('1d2cb8d7-0587-46a1-9883-d4e07015dd3a',1,29.99,'7fa75763-7451-41f6-9b8f-52386f1e132c','0b8a7da8-d437-4c7e-a144-9d45e44d8123','2022-07-15 12:05:47','2022-07-15 12:05:47'),('1debd80f-46d2-4f0f-ab70-1093b617c289',1,8.59,'a1fc9f8c-40e8-46cd-8eee-5837a70fb488','ce5ae8e7-9efd-4b51-950d-a5c319a347f2','2022-07-15 12:28:56','2022-07-15 12:28:56'),('26495035-02f9-4b15-8de7-a1711d11cefb',1,65.00,'3a06ed34-7de5-4eb2-8624-049526e9e41f','5c9099df-d99f-43a2-af26-b230322a3d30','2022-07-15 12:19:10','2022-07-15 12:19:10'),('2ce5dfbd-e1a9-40e6-9569-57b60d706b68',1,8.59,'82e12853-3411-435e-8088-5741de09dea3','d9900b80-cf3b-4b45-9442-5943f0600543','2022-07-15 12:17:05','2022-07-15 12:17:05'),('34fcb172-d7d6-438f-9731-d5f0d61fd246',1,8.59,'a1fc9f8c-40e8-46cd-8eee-5837a70fb488','efa01a77-7eef-4884-99bf-f12952ad3b2c','2022-07-10 17:18:24','2022-07-10 17:18:24'),('3709e576-eb94-4fee-a446-8dcf3188d9d6',2,280.06,'55973996-42b2-4ab8-943c-e5871eba7385','d099e022-dfcc-4352-b838-c8341e6ce441','2022-07-15 12:27:16','2022-07-15 12:27:22'),('39314c22-f600-43a3-a1f4-500578cb42df',1,65.46,'32081f31-b34a-4dc3-95a0-f0d2d8080a9a','2e80a8ae-c24c-4fcc-9cc8-2fc8837c2d12','2022-07-15 12:02:12','2022-07-15 12:02:12'),('3cbd81ae-e455-4976-8c90-3d7bc7aaefcd',1,56.98,'4cd6d341-f53a-4a35-8da3-0176cf0f2fd4','d099e022-dfcc-4352-b838-c8341e6ce441','2022-07-15 12:27:42','2022-07-15 12:27:42'),('53253949-bcaf-4d8d-83ce-3d5d5d9c6e5c',1,9.99,'28182bb7-78a6-4b4a-b7d2-4438266bf60e','f03bb456-13fe-4bdd-851f-69f940369742','2022-07-15 11:59:06','2022-07-15 11:59:06'),('59a7bde7-7168-4430-9eef-0e9ef934e561',1,56.98,'4cd6d341-f53a-4a35-8da3-0176cf0f2fd4','efa01a77-7eef-4884-99bf-f12952ad3b2c','2022-07-10 17:22:27','2022-07-10 17:22:27'),('5b1b2ab6-68e2-4e61-b6e7-817b201a4bf0',1,8.59,'e5119cd2-bfc3-4242-874b-0cccc595a258','0706b8e1-170a-4622-a2c9-04debe0bfc0e','2022-07-15 12:40:01','2022-07-15 12:40:01'),('611c7205-6f5c-4dd6-90d9-0155eac74c7f',1,8.59,'e5119cd2-bfc3-4242-874b-0cccc595a258','ce5ae8e7-9efd-4b51-950d-a5c319a347f2','2022-07-15 12:28:45','2022-07-15 12:28:45'),('6aab9e9c-e288-45ea-9b46-c46b0cbd9336',1,58.50,'d6e25e77-d2a4-46a4-9d19-a2e1bf240400','5c9099df-d99f-43a2-af26-b230322a3d30','2022-07-15 12:20:24','2022-07-15 12:20:24'),('6fadd44b-17f5-4081-b2f0-9285de552c66',1,9.99,'49fa3a07-1821-41bb-abc8-fe1f14ac2cd5','33147c4d-244b-4190-889d-12acb3ab4eda','2022-07-15 12:41:06','2022-07-15 12:41:06'),('755ced4d-3521-4663-9f8e-5417c77358f5',2,8.59,'e5119cd2-bfc3-4242-874b-0cccc595a258','efa01a77-7eef-4884-99bf-f12952ad3b2c','2022-07-10 16:53:27','2022-07-10 16:53:27'),('77ba19b1-d805-426f-9050-8cbbeed00bbc',1,9.99,'4e9b0843-da32-476c-a34c-d59a40d9929a','17d94a8a-9c04-4878-a49b-64e763b38893','2022-07-15 12:37:14','2022-07-15 12:37:14'),('8c850712-5494-43b9-ad79-15147b53db5d',11,43.00,'5e7d581b-a5dd-4505-83a6-9176e00baeb5','51e4d7e7-9b0a-4928-beb7-19f6ca03d735','2022-07-15 12:36:00','2022-07-15 12:36:05'),('8f450605-4713-470a-9117-222b15e2d842',1,87.73,'bb50adc6-e655-4165-9ab6-b5b6135ea71f','d9900b80-cf3b-4b45-9442-5943f0600543','2022-07-15 12:14:48','2022-07-15 12:14:48'),('90d8f333-1450-4800-b38f-98dac3c4a459',1,9.99,'58286f26-59bb-447c-ae87-da2a89ed9539','02b3d37f-ef06-4a53-b1af-4dfa90bdfb6a','2022-07-15 12:38:23','2022-07-15 12:38:23'),('919fb016-0cab-4485-b2bc-decde1eca9dc',1,88.00,'aa6786db-3e78-4efc-8cfa-0018890a25b8','2e80a8ae-c24c-4fcc-9cc8-2fc8837c2d12','2022-07-15 12:02:01','2022-07-15 12:02:01'),('943aff67-cc8c-40dd-be3d-9447ab467a8c',1,8.59,'82e12853-3411-435e-8088-5741de09dea3','ce5ae8e7-9efd-4b51-950d-a5c319a347f2','2022-07-15 12:29:08','2022-07-15 12:29:08'),('961efd2a-a99c-4e36-8007-f8a0a22e78d1',1,9.99,'6d380b87-f8d7-4251-a6c4-c97522730039','17d94a8a-9c04-4878-a49b-64e763b38893','2022-07-15 12:37:29','2022-07-15 12:37:29'),('9acfa732-ed73-40da-a1dc-1a5d38378f3d',1,106.10,'d4deceac-51f2-4bc0-bee5-afe10c75d84a','d099e022-dfcc-4352-b838-c8341e6ce441','2022-07-15 12:28:09','2022-07-15 12:28:09'),('acc18881-e8f1-4c6e-a2ff-60582d065ce7',1,8.59,'a1fc9f8c-40e8-46cd-8eee-5837a70fb488','d9900b80-cf3b-4b45-9442-5943f0600543','2022-07-15 12:15:30','2022-07-15 12:15:30'),('b2c743c3-8d04-4f9b-8454-ec1be4295652',8,9.99,'34bf24ff-f0a5-410c-8831-d134e7e2529d','0706b8e1-170a-4622-a2c9-04debe0bfc0e','2022-07-15 12:40:45','2022-07-15 12:40:45'),('b4df9a78-9c0b-4596-9a19-3c002c783642',1,9.99,'9bcb3e61-60a1-4445-b8bb-8c973563e1cb','2e80a8ae-c24c-4fcc-9cc8-2fc8837c2d12','2022-07-15 12:01:44','2022-07-15 12:01:44'),('bc9b8ba2-b01c-459a-b680-b12fd995a997',1,9.99,'dcae5dda-c895-492c-a5aa-f77fb1e2d4d1','d9900b80-cf3b-4b45-9442-5943f0600543','2022-07-15 12:16:49','2022-07-15 12:16:49'),('c38cc0b3-bdf4-45f8-aca0-e119453f3f85',1,29.99,'ad742856-2fb3-4b64-9c18-f6aea0be4ab7','f03bb456-13fe-4bdd-851f-69f940369742','2022-07-15 12:00:30','2022-07-15 12:00:30'),('c4f95cbc-3d75-4bae-a8e6-d136da14ff70',1,8.59,'e5119cd2-bfc3-4242-874b-0cccc595a258','d9900b80-cf3b-4b45-9442-5943f0600543','2022-07-15 12:17:19','2022-07-15 12:17:19'),('c5054a1a-ff70-4bbd-ae2a-c3c8f8c598b7',1,88.00,'aa6786db-3e78-4efc-8cfa-0018890a25b8','5c9099df-d99f-43a2-af26-b230322a3d30','2022-07-15 12:22:09','2022-07-15 12:22:09'),('c7e66d4f-7d1f-4924-8ad2-2f9d2c5216f1',5,65.00,'d552cb9d-24a7-426b-b090-d6952cf9a70d','5c9099df-d99f-43a2-af26-b230322a3d30','2022-07-15 12:20:09','2022-07-15 12:20:09'),('cde84ff3-615d-4b2a-a1e3-72b5c16ff191',1,8.59,'e5119cd2-bfc3-4242-874b-0cccc595a258','f03bb456-13fe-4bdd-851f-69f940369742','2022-07-15 12:00:52','2022-07-15 12:00:52'),('dbaa0d0b-ad2c-4ca9-8751-1ae9d817c22f',1,9.99,'5f4694ee-baf1-4ef0-90aa-61b40dd4bf93','02b3d37f-ef06-4a53-b1af-4dfa90bdfb6a','2022-07-15 12:38:36','2022-07-15 12:38:36'),('df936612-4a5a-495c-9bd4-4914052bba47',1,106.10,'d4deceac-51f2-4bc0-bee5-afe10c75d84a','f03bb456-13fe-4bdd-851f-69f940369742','2022-07-15 12:00:04','2022-07-15 12:00:04'),('e4ba994f-d7f6-4ccc-8a4b-a8f0e2fa617f',8,43.00,'5e7d581b-a5dd-4505-83a6-9176e00baeb5','95eab9f2-bda0-439e-aa8a-31dd567273c5','2022-07-15 12:35:05','2022-07-15 12:35:12'),('e61a7ff2-2864-4602-a40b-af42c13a0011',1,9.99,'5f4694ee-baf1-4ef0-90aa-61b40dd4bf93','17d94a8a-9c04-4878-a49b-64e763b38893','2022-07-15 12:37:37','2022-07-15 12:37:37'),('e7c6d050-ad82-4d7f-bd8e-e43956049cdc',2,62.17,'a5bb242a-ee33-40fd-b1e5-a8f367befc0a','8a458966-ec06-4026-a707-5dbbcc34e857','2022-07-15 12:30:35','2022-07-15 12:30:35'),('f216e56b-c634-488e-aea7-a593b72aea35',1,105.00,'fbe1d0ee-28cc-4fb0-97c5-6b7ba5f41704','d9900b80-cf3b-4b45-9442-5943f0600543','2022-07-15 12:07:38','2022-07-15 12:07:38'),('ff92178b-a3d3-4501-ae60-265944fa500c',2,9.99,'34bf24ff-f0a5-410c-8831-d134e7e2529d','6cc690d7-cb92-4af8-a518-268878d3e5ce','2022-07-17 09:32:06','2022-07-17 09:32:10');
/*!40000 ALTER TABLE `orderdetails` ENABLE KEYS */;
UNLOCK TABLES;

--
-- Table structure for table `orders`
--

DROP TABLE IF EXISTS `orders`;
/*!40101 SET @saved_cs_client     = @@character_set_client */;
/*!40101 SET character_set_client = utf8 */;
CREATE TABLE `orders` (
  `id` char(36) COLLATE utf8mb4_unicode_ci NOT NULL,
  `created_at` timestamp NULL DEFAULT NULL,
  `updated_at` timestamp NULL DEFAULT NULL,
  `price` double(9,2) unsigned DEFAULT NULL,
  `note` varchar(255) COLLATE utf8mb4_unicode_ci DEFAULT NULL,
  `status` varchar(30) COLLATE utf8mb4_unicode_ci NOT NULL DEFAULT 'cart',
  `cust_id` varchar(191) COLLATE utf8mb4_unicode_ci NOT NULL,
  `address` varchar(255) COLLATE utf8mb4_unicode_ci DEFAULT NULL,
  `contact` varchar(30) COLLATE utf8mb4_unicode_ci DEFAULT NULL,
  PRIMARY KEY (`id`),
  KEY `orders_cust_id_foreign` (`cust_id`),
  CONSTRAINT `orders_cust_id_foreign` FOREIGN KEY (`cust_id`) REFERENCES `customers` (`id`)
) ENGINE=InnoDB DEFAULT CHARSET=utf8mb4 COLLATE=utf8mb4_unicode_ci;
/*!40101 SET character_set_client = @saved_cs_client */;

--
-- Dumping data for table `orders`
--

LOCK TABLES `orders` WRITE;
/*!40000 ALTER TABLE `orders` DISABLE KEYS */;
INSERT INTO `orders` VALUES ('02b3d37f-ef06-4a53-b1af-4dfa90bdfb6a','2022-07-15 12:38:08','2022-07-15 12:39:13',29.97,NULL,'pending','e4a8d6f6-e03e-442d-8ee3-579b48f558d5','cach mang thang 8','0964740670'),('0706b8e1-170a-4622-a2c9-04debe0bfc0e','2022-07-15 12:40:01','2022-07-15 12:40:47',88.51,NULL,'pending','27befc02-e2c5-4109-8db9-e542649c9b95','cach mang thang 8','0974940780'),('0b8a7da8-d437-4c7e-a144-9d45e44d8123','2022-07-15 12:05:47','2022-07-15 12:06:21',29.99,NULL,'pending','896f2899-5912-43f4-9e5a-7af1d9409106','cach mang thang 8','0974940780'),('17d94a8a-9c04-4878-a49b-64e763b38893','2022-07-15 12:37:14','2022-07-15 12:37:40',39.96,NULL,'pending','76387df9-4c3a-466d-b1ed-c11f5052c7b0','cach mang thang 8','0974940780'),('2e80a8ae-c24c-4fcc-9cc8-2fc8837c2d12','2022-07-15 12:01:44','2022-07-15 12:03:54',253.45,'tới ngã 3 quẹo phải','pending','896f2899-5912-43f4-9e5a-7af1d9409106','cach mang thang 8','0974940780'),('33147c4d-244b-4190-889d-12acb3ab4eda','2022-07-15 12:41:06','2022-07-15 12:41:09',9.99,NULL,'pending','27befc02-e2c5-4109-8db9-e542649c9b95','cach mang thang 8','0974940780'),('51e4d7e7-9b0a-4928-beb7-19f6ca03d735','2022-07-15 12:36:00','2022-07-15 12:36:08',473.00,NULL,'pending','76387df9-4c3a-466d-b1ed-c11f5052c7b0','cach mang thang 8','0974940780'),('561741e6-4ea8-487c-bd8d-172b0f3bf933','2022-07-15 12:23:19','2022-07-15 12:23:28',19.98,NULL,'pending','10def35a-2c30-4ffb-90cc-d28fbe533b90','cach mang thang 8','0974940780'),('5c9099df-d99f-43a2-af26-b230322a3d30','2022-07-15 12:19:10','2022-07-15 12:22:17',721.65,NULL,'pending','10def35a-2c30-4ffb-90cc-d28fbe533b90','cach mang thang 8','0974940780'),('6cc690d7-cb92-4af8-a518-268878d3e5ce','2022-07-11 15:20:13','2022-07-17 09:38:14',82.15,NULL,'pending','e9d8f1d2-acee-49d2-8832-4968976c8705','AAA - 43','0703334444'),('8a458966-ec06-4026-a707-5dbbcc34e857','2022-07-15 12:30:35','2022-07-15 12:30:37',124.34,NULL,'pending','f14e1f1b-3102-489b-9d10-080a0ebe058d','cach mang thang 8','0964740670'),('95eab9f2-bda0-439e-aa8a-31dd567273c5','2022-07-15 12:35:05','2022-07-15 12:35:16',344.00,NULL,'pending','880912f2-540a-4f80-9134-f4e9b009dce9','cach mang thang 8','0974940780'),('9771cd12-03ea-4a8e-862b-806e7c94eb5e','2022-07-15 12:31:46','2022-07-15 12:32:22',249.95,NULL,'pending','e651ab38-f543-4a43-bc84-0439c6372636','cach mang thang 8','0974940780'),('ce5ae8e7-9efd-4b51-950d-a5c319a347f2','2022-07-15 12:28:45','2022-07-15 12:29:11',25.77,NULL,'pending','cbdf0cba-5d75-4dac-a5e0-2b39f3bdd579','cach mang thang 8','0974940780'),('d099e022-dfcc-4352-b838-c8341e6ce441','2022-07-15 12:27:16','2022-07-15 12:28:12',723.20,NULL,'pending','2e2a9be5-1e13-40e5-92a1-043054277ef5','cach mang thang 8','0964740670'),('d9900b80-cf3b-4b45-9442-5943f0600543','2022-07-15 12:07:38','2022-07-15 12:18:23',228.49,NULL,'pending','8810293f-d45e-44ad-9314-53777906f50d','cach mang thang 8','0964740670'),('efa01a77-7eef-4884-99bf-f12952ad3b2c','2022-07-10 16:38:50','2022-07-11 14:51:44',82.75,NULL,'pending','e9d8f1d2-acee-49d2-8832-4968976c8705','asaaaaaaaaa','0704525275'),('f03bb456-13fe-4bdd-851f-69f940369742','2022-07-15 11:59:06','2022-07-15 12:01:20',154.67,'nhớ bấm chuông','pending','896f2899-5912-43f4-9e5a-7af1d9409106','cach mang thang 8','0974940780');
/*!40000 ALTER TABLE `orders` ENABLE KEYS */;
UNLOCK TABLES;

--
-- Table structure for table `password_resets`
--

DROP TABLE IF EXISTS `password_resets`;
/*!40101 SET @saved_cs_client     = @@character_set_client */;
/*!40101 SET character_set_client = utf8 */;
CREATE TABLE `password_resets` (
  `email` varchar(191) COLLATE utf8mb4_unicode_ci NOT NULL,
  `token` varchar(191) COLLATE utf8mb4_unicode_ci NOT NULL,
  `created_at` timestamp NULL DEFAULT NULL,
  KEY `password_resets_email_index` (`email`)
) ENGINE=InnoDB DEFAULT CHARSET=utf8mb4 COLLATE=utf8mb4_unicode_ci;
/*!40101 SET character_set_client = @saved_cs_client */;

--
-- Dumping data for table `password_resets`
--

LOCK TABLES `password_resets` WRITE;
/*!40000 ALTER TABLE `password_resets` DISABLE KEYS */;
/*!40000 ALTER TABLE `password_resets` ENABLE KEYS */;
UNLOCK TABLES;

--
-- Table structure for table `personal_access_tokens`
--

DROP TABLE IF EXISTS `personal_access_tokens`;
/*!40101 SET @saved_cs_client     = @@character_set_client */;
/*!40101 SET character_set_client = utf8 */;
CREATE TABLE `personal_access_tokens` (
  `id` bigint(20) unsigned NOT NULL AUTO_INCREMENT,
  `tokenable_type` varchar(191) COLLATE utf8mb4_unicode_ci NOT NULL,
  `tokenable_id` bigint(20) unsigned NOT NULL,
  `name` varchar(191) COLLATE utf8mb4_unicode_ci NOT NULL,
  `token` varchar(64) COLLATE utf8mb4_unicode_ci NOT NULL,
  `abilities` text COLLATE utf8mb4_unicode_ci DEFAULT NULL,
  `last_used_at` timestamp NULL DEFAULT NULL,
  `created_at` timestamp NULL DEFAULT NULL,
  `updated_at` timestamp NULL DEFAULT NULL,
  PRIMARY KEY (`id`),
  UNIQUE KEY `personal_access_tokens_token_unique` (`token`),
  KEY `personal_access_tokens_tokenable_type_tokenable_id_index` (`tokenable_type`,`tokenable_id`)
) ENGINE=InnoDB DEFAULT CHARSET=utf8mb4 COLLATE=utf8mb4_unicode_ci;
/*!40101 SET character_set_client = @saved_cs_client */;

--
-- Dumping data for table `personal_access_tokens`
--

LOCK TABLES `personal_access_tokens` WRITE;
/*!40000 ALTER TABLE `personal_access_tokens` DISABLE KEYS */;
/*!40000 ALTER TABLE `personal_access_tokens` ENABLE KEYS */;
UNLOCK TABLES;

--
-- Table structure for table `products`
--

DROP TABLE IF EXISTS `products`;
/*!40101 SET @saved_cs_client     = @@character_set_client */;
/*!40101 SET character_set_client = utf8 */;
CREATE TABLE `products` (
  `id` char(36) COLLATE utf8mb4_unicode_ci NOT NULL,
  `name` varchar(255) COLLATE utf8mb4_unicode_ci NOT NULL,
  `price` double(9,2) unsigned DEFAULT NULL,
  `description` text COLLATE utf8mb4_unicode_ci DEFAULT NULL,
  `release` date DEFAULT NULL,
  `quantity` int(11) DEFAULT NULL,
  `status` int(11) DEFAULT NULL,
  `type` varchar(191) COLLATE utf8mb4_unicode_ci DEFAULT NULL,
  `tags` varchar(255) COLLATE utf8mb4_unicode_ci DEFAULT NULL,
  `cover` varchar(255) COLLATE utf8mb4_unicode_ci DEFAULT NULL,
  `images` text COLLATE utf8mb4_unicode_ci DEFAULT NULL,
  `folder` varchar(255) COLLATE utf8mb4_unicode_ci DEFAULT NULL,
  `created_at` timestamp NULL DEFAULT NULL,
  `updated_at` timestamp NULL DEFAULT NULL,
  PRIMARY KEY (`id`)
) ENGINE=InnoDB DEFAULT CHARSET=utf8mb4 COLLATE=utf8mb4_unicode_ci;
/*!40101 SET character_set_client = @saved_cs_client */;

--
-- Dumping data for table `products`
--

LOCK TABLES `products` WRITE;
/*!40000 ALTER TABLE `products` DISABLE KEYS */;
INSERT INTO `products` VALUES ('182d4a68-1d03-4dfa-ba3f-3a795b8ee1cc','Demon Slayer 2',9.99,'Author: Koyoharu Gotouge','2016-08-04',234,1,'manga','#DemonSlayer,#shounen,#action','62c9b15ed7ec3.webp',NULL,'DemonSlayer','2022-07-09 16:48:12','2022-07-09 16:48:30'),('1bd52975-fd1c-4b22-a7fd-6b0670140d26','Bleach vol 71',9.99,'Author: Tite Kubo','2016-03-04',212,1,'manga','#Bleach,#shounen,#action,','62c9aac41ae02.webp',NULL,'Bleach','2022-07-09 16:20:20','2022-07-15 12:37:24'),('28182bb7-78a6-4b4a-b7d2-4438266bf60e','Kawaii dake ja Nai Shikimori-san 1',9.99,'Author: Keigo Maki','2019-06-07',311,1,'manga','#KawaiidakejaNaiShikimori-san,#romance,','62c9ca73e081b.webp',NULL,'KawaiidakejaNaiShikimori-san','2022-07-09 18:35:31','2022-07-15 11:59:06'),('32081f31-b34a-4dc3-95a0-f0d2d8080a9a','Nendoroid Toushiro Hitsugaya - Bleach',65.46,'Toushiro Hitsugaya, captain of the 10th Division of the 13 Court Guard Squads.\r\n\r\nFrom the popular anime series \"BLEACH\" comes a Nendoroid of the captain of the 10th Division of the 13 Guard Squads, Toushiro Hitsugaya! He comes with three face plates including his standard expression, his intrepid smiling expression and his exasperated expression.\r\n\r\nToushiro\'s Zanpakuto, Hyorinmaru can be displayed in standard and Bankai form and can also be displayed sheathed on his back. Using the included ice wing and interchangeable hand parts, his Daiguren Hyorinmaru appearance can be recreated. Be sure to add \"Shiro-chan\" to your collection!','2019-09-11',9,1,'figure','#Bleach,','62c9aeb974219.webp','[\"62c9aeb974219-0.webp\",\"62c9aeb974219-1.webp\",\"62c9aeb974219-2.webp\",\"62c9aeb974219-3.webp\",\"62c9aeb974219-4.webp\"]','Bleach','2022-07-09 16:37:13','2022-07-15 12:21:31'),('34bf24ff-f0a5-410c-8831-d134e7e2529d','Fullmetal Alchemist 27',9.99,'Author: Hiromu Arakawa','2010-11-22',311,1,'manga','#FullmetalAlchemist,#adventure','62c9d51ad9ad9.webp',NULL,'FullmetalAlchemist','2022-07-09 19:20:58','2022-07-17 09:32:10'),('36add534-f037-4b39-a72b-7e4efd2642fa','Figma Nezuko Kamado - Demon Slayer',90.00,'The demon girl who slays demons with her brother.\r\n\r\nFrom the popular anime series \"Demon Slayer: Kimetsu no Yaiba\" comes a DX edition figma of Nezuko Kamado!\r\n\r\nUsing the smooth yet posable joints of figma, you can create a variety of action-packed poses from the series.\r\nA flexible plastic is used for important areas, allowing proportions to be kept without compromising posability.\r\nShe comes with two face plates—a gentle standard face and a demon face for combat scenes.\r\nOptional parts include interchangeable kimono parts to recreate the dynamic appearance of her outfit in motion while in combat.\r\nAdditionally, the DX edition includes a comical blank expression, a special hand part to recreate her Exploding Blood technique, a sparkling effect part and the box Tanjiro carries on his back!\r\nThe box can be displayed on the back of figma Tanjiro Kamado (sold separately).\r\nAn articulated figma stand is included to display the figma in a variety of poses.','2020-12-01',33,1,'figure','#DemonSlayer','62c9ba914eac7.webp','[\"62c9ba914eac7-0.webp\",\"62c9ba914eac7-1.webp\",\"62c9ba914eac7-2.webp\",\"62c9ba914eac7-3.webp\",\"62c9ba914eac7-4.webp\",\"62c9ba914eac7-5.webp\",\"62c9ba914eac7-6.webp\",\"62c9ba914eac7-7.webp\",\"62c9ba914eac7-8.webp\",\"62c9ba914eac7-9.webp\"]','DemonSlayer','2022-07-09 17:27:45','2022-07-15 12:02:06'),('39c9e0c0-2bcb-4ade-92f6-0b0508056e81','Jujutsu Kaisen Itadori Yuuji Uniform Cosplay Costume size M',29.99,'Source:Jujutsu Kaisen\r\n\r\nCharacter: Itadori Yuuji\r\n\r\nIncluded Items: Top,Pants','2022-05-23',8,1,'merchandise','#JujutsuKaisen,#cosplay,','62c9d1b7302eb.jpg','[\"62c9d1b7302eb-0.jpg\",\"62c9d1b7302eb-1.jpg\",\"62c9d1b7302eb-2.jpg\",\"62c9d1b7302eb-3.jpg\",\"62c9d1b7302eb-4.jpg\",\"62c9d1b7302eb-5.jpg\",\"62c9d1b7302eb-6.jpg\",\"62c9d1b7302eb-7.jpg\"]','JujutsuKaisen','2022-07-09 19:06:31','2022-07-09 19:06:31'),('3a06ed34-7de5-4eb2-8624-049526e9e41f','Nendoroid Loid Forger',65.00,'Codename: Twilight\r\n\r\nFrom the anime series \"SPY x FAMILY\" comes a Nendoroid of Loid Forger, the talented agent that works for WISE, Westalis\' intelligence agency. He comes with three face plates including a standard face, a smiling face and a troubled face, seemingly shocked at some unforeseen event.\r\n\r\nThe Nendoroid also comes with his handgun, a newspaper and an additional front hair part to display him with his bangs down. Enjoy using the included optional parts to create all kinds of poses based on your favorite scenes from the series! Be sure to add this palm-sized figure of Anya\'s papa, Loid, to your collection!','2022-06-14',24,1,'figure','#SpyXFamily,','62c9c80b6501f.webp','[\"62c9c80b6501f-0.webp\",\"62c9c80b6501f-1.webp\",\"62c9c80b6501f-2.webp\",\"62c9c80b6501f-3.webp\"]','SpyXFamily','2022-07-09 18:25:15','2022-07-15 12:19:10'),('49fa3a07-1821-41bb-abc8-fe1f14ac2cd5','Bleach vol 72',9.99,'Author: Tite Kubo',NULL,231,1,'manga','#Bleach,#shounen,#action,','62c9ab017f854.webp',NULL,'Bleach','2022-07-09 16:21:21','2022-07-15 12:41:06'),('4cd6d341-f53a-4a35-8da3-0176cf0f2fd4','Fullmetal Alchemist Brotherhood-Complete Series [Blu-ray]',56.98,'Fullmetal Alchemist Brotherhood-Complete Series all 64 episodes','2016-03-22',41,1,'anime-disc','#FullmetalAlchemist,#adventure','62c9d2fbef126.jpg',NULL,'FullmetalAlchemist','2022-07-09 19:11:55','2022-07-15 12:27:42'),('4e9b0843-da32-476c-a34c-d59a40d9929a','Bleach 70',9.99,'Author: Tite Kubo','2015-11-04',212,1,'manga','#Bleach,#shounen,#action,','62c9aa7ed6043.webp',NULL,'Bleach','2022-07-09 16:19:10','2022-07-15 12:37:14'),('55973996-42b2-4ab8-943c-e5871eba7385','FULLMETAL ALCHEMIST Blu-ray Disc Box Special Edition',418.00,'Format: Blu-ray, Color, Limited Edition\r\nLanguage: Japanese\r\nRuntime: 25 hours and 36 minutes','2019-04-03',21,1,'anime-disc','#FullmetalAlchemist,#adventure','62c9d3bb9017f.jpg','[\"62c9d3bb9017f-0.jpg\"]','FullmetalAlchemist','2022-07-09 19:15:07','2022-07-15 12:27:22'),('58286f26-59bb-447c-ae87-da2a89ed9539','Bleach vol 74',9.99,'Author: Tite Kubo','2016-11-04',231,1,'manga','#Bleach,#shounen,#action,','62c9ac1457145.webp',NULL,'Bleach','2022-07-09 16:25:56','2022-07-15 12:38:23'),('591a8273-4e30-4234-ac96-5cffb0550940','Kawaii dake ja Nai Shikimori-san 2',9.99,'Author: Keigo Maki','2019-09-09',240,1,'manga','#KawaiidakejaNaiShikimori-san,#romance,','62c9cab2e0d5e.webp',NULL,'KawaiidakejaNaiShikimori-san','2022-07-09 18:36:34','2022-07-15 12:23:26'),('5e7d581b-a5dd-4505-83a6-9176e00baeb5','Attack on Titan necklace',43.00,'Attack on Titan necklace','2021-09-10',26,1,'merchandise','#AttackOnTitan,#necklace,','62c9cf66861b6.jpg','[\"62c9cf66861b6-0.jpg\",\"62c9cf66861b6-1.jpg\",\"62c9cf66861b6-2.jpg\"]','AttackOnTitan','2022-07-09 18:56:38','2022-07-15 12:36:05'),('5f4694ee-baf1-4ef0-90aa-61b40dd4bf93','Bleach vol 73',9.99,'Author: Tite Kubo','2016-07-04',229,1,'manga','#Bleach,#shounen,#action,','62c9ab310aeac.webp',NULL,'Bleach','2022-07-09 16:22:09','2022-07-15 12:38:36'),('6d380b87-f8d7-4251-a6c4-c97522730039','Dragon Ball 42',9.99,'Author: Akira Toriyama','1995-07-04',230,1,'manga','#Dragonball,#adventure,#shounen,#action,','62c9af716498f.webp',NULL,'DragonBall','2022-07-09 16:40:17','2022-07-15 12:37:29'),('7fa75763-7451-41f6-9b8f-52386f1e132c','Jujutsu Kaisen Itadori Yuuji Uniform Cosplay Costume size L',29.99,'Source:Jujutsu Kaisen\r\n\r\nCharacter: Itadori Yuuji\r\n\r\nIncluded Items: Top,Pants','2022-05-23',11,1,'merchandise','#JujutsuKaisen,#cosplay,','62c9d2089b60f.jpg','[\"62c9d2089b60f-0.jpg\",\"62c9d2089b60f-1.jpg\",\"62c9d2089b60f-2.jpg\",\"62c9d2089b60f-3.jpg\",\"62c9d2089b60f-4.jpg\",\"62c9d2089b60f-5.jpg\",\"62c9d2089b60f-6.jpg\",\"62c9d2089b60f-7.jpg\"]','JujutsuKaisen','2022-07-09 19:07:52','2022-07-15 12:05:47'),('82e12853-3411-435e-8088-5741de09dea3','SPY x FAMILY 1',9.99,'Author: Tatsuya Endo','2019-07-04',310,1,'manga','#SpyXFamily,#comedy','62c9c5f443927.webp',NULL,'SpyXFamily','2022-07-09 18:16:20','2022-07-15 12:29:08'),('8fcbde2a-9dd8-40c3-ac09-e6e9dfc4fb16','Dragon Ball Super: Broly [Blu-ray]',41.27,NULL,'2019-05-16',0,0,'anime-disc','#Dragonball,#adventure,#shounen,#action,','62c9d653b6c93.jpg',NULL,'DragonBall','2022-07-09 19:26:11','2022-07-09 19:26:11'),('9bcb3e61-60a1-4445-b8bb-8c973563e1cb','Demon Slayer 4',9.99,'Author: Koyoharu Gotouge','2016-12-02',241,1,'manga','#DemonSlayer,#shounen,#action','62c9b1d5a36bb.webp',NULL,'DemonSlayer','2022-07-09 16:50:29','2022-07-15 12:01:44'),('9fd42c02-60ca-4d53-90af-721e46905b1a','Attack on Titan Scout Regiment Cosplay Costume size M',49.99,'Source: Attack on Titan\r\n\r\nCharacter: Scout Regiment\r\n\r\nIncluded Items: Epaulette, badge, windbreaker, belt,Collar decoration, (shirt)','2022-12-12',0,1,'merchandise','#AttackOnTitan,#cosplay,','62c9cd6e9212e.jpg','[\"62c9cd6e9212e-0.jpg\",\"62c9cd6e9212e-1.jpg\",\"62c9cd6e9212e-2.jpg\",\"62c9cd6e9212e-3.jpg\",\"62c9cd6e9212e-4.jpg\",\"62c9cd6e9212e-5.jpg\"]','AttackOnTitan','2022-07-09 18:48:14','2022-07-15 12:31:46'),('a1fc9f8c-40e8-46cd-8eee-5837a70fb488','SPY x FAMILY 2',9.99,'Author: Tatsuya Endo','2019-10-04',235,1,'manga','#SpyXFamily,#comedy','62c9c646b8ff2.webp',NULL,'SpyXFamily','2022-07-09 18:17:42','2022-07-15 12:28:56'),('a5bb242a-ee33-40fd-b1e5-a8f367befc0a','Dragon Ball & Dragon Ball Z Full Set',62.17,'Language ‏ : ‎ French,  English, Japanese\r\nPackage Dimensions ‏ : ‎ 19.2 x 14.2 x 3.4 cm; 421.84 g\r\nEAN ‏ : ‎ 0887654244895\r\nASIN ‏ : ‎ B009ZOLYOS\r\nNumber of discs ‏ : ‎ 5','2022-04-02',2,1,'anime-disc','#Dragonball,#adventure,#shounen,#action,','62c9d46428ed3.jpg',NULL,'DragonBall','2022-07-09 19:17:56','2022-07-15 12:30:35'),('aa6786db-3e78-4efc-8cfa-0018890a25b8','Figma Tanjiro Kamado - Demon Slayer',88.00,'The Demon Slayer who wields the black Nichirin Blade.\r\n\r\nFrom the popular anime series \"Demon Slayer: Kimetsu no Yaiba\" comes a DX edition figma of Tanjiro Kamado!\r\n\r\nUsing the smooth yet posable joints of figma, you can act out a variety of different scenes.\r\nA flexible plastic is used for important areas, allowing proportions to be kept without compromising posability.\r\nHe comes with three face plates including a gallant standard expression face, a serious combat face and a gentle smiling face.\r\nHis black Nichirin Blade is included as an optional part.\r\nAdditionally, the DX edition comes with a comical bewildered face, two kinds of effect parts to recreate Water Breathing and Hinokami Kagura techniques and a miniature figure of a small shrunk down Nezuko.\r\nAn articulated figma stand is included, which allows various poses to be taken.','2020-09-24',10,1,'figure','#DemonSlayer','62c9bdd21900c.webp','[\"62c9bdd21900c-0.webp\",\"62c9bdd21900c-1.webp\",\"62c9bdd21900c-2.webp\",\"62c9bdd21900c-3.webp\",\"62c9bdd21900c-4.webp\",\"62c9bdd21900c-5.webp\",\"62c9bdd21900c-6.webp\",\"62c9bdd21900c-7.webp\"]','DemonSlayer','2022-07-09 17:41:38','2022-07-15 12:22:09'),('ad742856-2fb3-4b64-9c18-f6aea0be4ab7','Attack on Titan keychain',29.99,'Material: Acrylic\r\nSuper Beautiful Attack on Titan Popular Keychain Set of 7','2022-02-12',22,1,'merchandise','#AttackOnTitan,#keychain,','62c9d02999928.jpg',NULL,'AttackOnTitan','2022-07-09 18:59:53','2022-07-15 12:00:30'),('b4412b12-e441-4b22-ac94-1ae944ddd3a5','Dragon Ball 41',9.99,'Author: Akira Toriyama','1995-06-02',234,1,'manga','#Dragonball,#adventure,#shounen,#action,','62c9afd832246.webp',NULL,'DragonBall','2022-07-09 16:42:00','2022-07-09 16:42:00'),('bb46f8c5-fe1f-425f-867a-4ce4cfa118d5','Nendoroid Ichigo Kurosaki - Bleach',54.23,'Substitute Shinigami: Ichigo Kurosaki\r\n\r\nFrom the popular anime BLEACH comes a Nendoroid of the main character, Ichigo Kurosaki! Three face plates are included: A standard expression featuring his dauntless smile, a fighting expression based on battle scenes in the show, as well as a surprised expression! Ichigo\'s Zanpakuto, Zangetsu, is included in Shikai form.\r\n\r\nA cloth-wrapped version of Zangetsu for carrying on his back is also included, along with the Modified Soul, Kon, in his stuffed lion form! An alternate lower body part to display Ichigo with his feet spread out is included, allowing you to recreate your favorite battle scenes from the series. Be sure to add Ichigo in his Shihakusho uniform to your collection!','2018-09-03',22,1,'figure','#Bleach,','62c9abdc188de.webp','[\"62c9abdc188de-0.webp\",\"62c9abdc188de-1.webp\",\"62c9abdc188de-2.webp\",\"62c9abdc188de-3.webp\"]','Bleach','2022-07-09 16:25:00','2022-07-15 12:21:19'),('bb50adc6-e655-4165-9ab6-b5b6135ea71f','Figma Inosuke Hashibira - Demon Slayer',87.73,'The Beast Breathing Demon Slayer.\r\n\r\nFrom the anime series \"Demon Slayer: Kimetsu no Yaiba\" comes a DX figma of Inosuke Hashibira!\r\n\r\nUsing the smooth yet posable joints of figma, you can create a variety of poses from the series.\r\nA flexible plastic is used for important areas, allowing proportions to be kept without compromising posability.\r\nHe comes with three face plates including a standard face, an unmasked face and an angry face.\r\nOptional parts include his Nichirin Blade, expression effect stickers his boar mask and attacking effect parts for recreating his Beast Breathing techniques.\r\nAn articulated figma stand is included to display the figma in a variety of poses.',NULL,22,1,'figure','#DemonSlayer','62c9b070e7570.webp','[\"62c9b070e7570-0.webp\",\"62c9b070e7570-1.webp\",\"62c9b070e7570-2.webp\",\"62c9b070e7570-3.webp\",\"62c9b070e7570-4.webp\",\"62c9b070e7570-5.webp\",\"62c9b070e7570-6.webp\",\"62c9b070e7570-7.webp\",\"62c9b070e7570-8.webp\",\"62c9b070e7570-9.webp\",\"62c9b070e7570-10.webp\",\"62c9b070e7570-11.webp\",\"62c9b070e7570-12.webp\",\"62c9b070e7570-13.webp\"]','DemonSlayer','2022-07-09 16:44:32','2022-07-15 12:14:48'),('c1994164-f7b3-431e-a4cb-43f143fd7a3a','Demon Slayer 3',9.99,'Author: Koyoharu Gotouge','2016-10-04',212,1,'manga','#DemonSlayer,#shounen,#action','62c9b1989f85a.webp',NULL,'DemonSlayer','2022-07-09 16:49:28','2022-07-15 12:38:08'),('d4deceac-51f2-4bc0-bee5-afe10c75d84a','Figma Kyojuro Rengoku - Demon Slayer',106.10,'\"The Flame Hashira. One with a spirit that burns hotter and prouder than any other.\"\r\n\r\nFrom the anime series \"Demon Slayer: Kimetsu no Yaiba\" comes a figma of Kyojuro Rengoku!\r\n\r\nUsing the smooth yet posable joints of figma, you can create a variety of action-packed poses from the series.\r\nA flexible plastic is used for important areas, allowing proportions to be kept without compromising posability.\r\nHe comes with three face plates including a standard face, a smiling face and an injured combat face. Forward-looking, left-looking and right-looking eye parts for use with his standard face and smiling face are also included.\r\nAs for optional parts, he comes with his Nichirin Blade and three kinds of flame effect parts for recreating his Flame Breathing techniques. A crossed arms part, a bento box and his Nichirin Blade\'s scabbard are included as well.\r\nAn articulated figma stand is included to display the figma in a variety of poses.','2021-12-10',30,1,'figure','#DemonSlayer','62c9b2673460f.webp','[\"62c9b2673460f-0.webp\",\"62c9b2673460f-1.webp\",\"62c9b2673460f-2.webp\",\"62c9b2673460f-3.webp\",\"62c9b2673460f-4.webp\",\"62c9b2673460f-5.webp\",\"62c9b2673460f-6.webp\",\"62c9b2673460f-7.webp\",\"62c9b2673460f-8.webp\"]','DemonSlayer','2022-07-09 16:52:55','2022-07-15 12:28:09'),('d552cb9d-24a7-426b-b090-d6952cf9a70d','Nendoroid Anya Forger',65.00,'The telepath who can read people\'s minds.\r\n\r\nFrom the anime series \"SPY x FAMILY\" comes a Nendoroid of Anya Forger, the mind-reading telepath created by chance in an experiment performed by a certain organization. She comes with four face plates including a standard face, a surprised face, a smug smiling face and a cheerful smiling face.\r\n\r\nAnya\'s school uniform from the prestigious Eden Academy has been faithfully captured in Nendoroid size. Enjoy using optional parts like her stuffed toy Mr. Chimera to create all kinds of poses based on your favorite scenes from the series! Be sure to add this adorable palm-sized figure of Anya to your collection!','2022-06-14',34,1,'figure','#SpyXFamily,','62c9c7a730592.webp','[\"62c9c7a730592-0.webp\",\"62c9c7a730592-1.webp\",\"62c9c7a730592-2.webp\",\"62c9c7a730592-3.webp\",\"62c9c7a730592-4.webp\"]','SpyXFamily','2022-07-09 18:23:35','2022-07-15 12:20:09'),('d6e25e77-d2a4-46a4-9d19-a2e1bf240400','Nendoroid Yor Forger',58.50,'Codename: Thorn Princess\r\n\r\nFrom the anime series \"SPY x FAMILY\" comes a Nendoroid of Yor Forger, the skilled assassin trained in the art of killing from a young age. She comes with three face plates including a standard face, a smiling face with closed eyes and a more soft and gentle smiling face.\r\n\r\nEnjoy using the included optional parts like her weapons to create all kinds of poses based on your favorite scenes from the series! Be sure to add this palm-sized figure of Anya\'s mama, Yor, to your collection!','2022-06-28',24,1,'figure','#SpyXFamily,','62c9c87a8df38.webp','[\"62c9c87a8df38-0.webp\",\"62c9c87a8df38-1.webp\",\"62c9c87a8df38-2.webp\",\"62c9c87a8df38-3.webp\"]','SpyXFamily','2022-07-09 18:27:06','2022-07-15 12:20:24'),('dcae5dda-c895-492c-a5aa-f77fb1e2d4d1','Demon Slayer 5',9.99,'Author: Koyoharu Gotouge','2017-03-03',122,1,'manga','#DemonSlayer,#shounen,#action','62c9b2fb5f7bb.webp',NULL,'DemonSlayer','2022-07-09 16:55:23','2022-07-15 12:16:49'),('e5119cd2-bfc3-4242-874b-0cccc595a258','SPY x FAMILY 3',9.99,'Author: Tatsuya Endo','2020-01-04',315,1,'manga','#SpyXFamily,#comedy','62c9c673de544.webp',NULL,'SpyXFamily','2022-07-09 18:18:27','2022-07-15 12:40:01'),('f0234518-bc8c-49b7-a525-c8d91fbe5ecb','Demon Slayer 1',9.99,'Author: Koyoharu Gotouge','2016-06-03',213,1,'manga','#DemonSlayer,#shounen,#action','62c9b11f86e19.webp',NULL,'DemonSlayer','2022-07-09 16:47:27','2022-07-09 16:47:27'),('fbe1d0ee-28cc-4fb0-97c5-6b7ba5f41704','Figma Zenitsu Agatsuma - Demon Slayer',105.00,'The Demon Slayer who mastered Thunder Breathing.\r\n\r\nFrom the popular anime series \"Demon Slayer: Kimetsu no Yaiba\" comes a figma of Zenitsu Agatsuma!\r\n\r\nUsing the smooth yet posable joints of figma, you can act out a variety of different scenes.\r\nA flexible plastic is used for important areas, allowing proportions to be kept without compromising posability.\r\nHe comes with three face plates including a standard face, a crying face and a sleeping face.\r\nHis Nichirin Blade is included as an optional part.\r\nAdditionally, the DX edition comes with a blushing face and three different effect parts to recreate his Thunder Breathing First Form: Thunderclap and Flash attack.\r\nAn articulated figma stand is included to display the figma in a variety of poses.','2021-04-22',15,1,'figure','#DemonSlayer','62c9bee4ca72a.webp','[\"62c9bee4ca72a-0.webp\",\"62c9bee4ca72a-1.webp\",\"62c9bee4ca72a-2.webp\",\"62c9bee4ca72a-3.webp\",\"62c9bee4ca72a-4.webp\",\"62c9bee4ca72a-5.webp\",\"62c9bee4ca72a-6.webp\",\"62c9bee4ca72a-7.webp\",\"62c9bee4ca72a-8.webp\",\"62c9bee4ca72a-9.webp\"]','DemonSlayer','2022-07-09 17:46:12','2022-07-15 12:07:38');
/*!40000 ALTER TABLE `products` ENABLE KEYS */;
UNLOCK TABLES;

--
-- Table structure for table `promotions`
--

DROP TABLE IF EXISTS `promotions`;
/*!40101 SET @saved_cs_client     = @@character_set_client */;
/*!40101 SET character_set_client = utf8 */;
CREATE TABLE `promotions` (
  `id` char(36) COLLATE utf8mb4_unicode_ci NOT NULL,
  `name` varchar(191) COLLATE utf8mb4_unicode_ci DEFAULT NULL,
  `description` text COLLATE utf8mb4_unicode_ci DEFAULT NULL,
  `type` tinyint(4) DEFAULT NULL,
  `amount` double(9,2) unsigned DEFAULT NULL,
  `start` date NOT NULL,
  `end` date NOT NULL,
  `applied_products` text COLLATE utf8mb4_unicode_ci DEFAULT NULL,
  `created_at` timestamp NULL DEFAULT NULL,
  `updated_at` timestamp NULL DEFAULT NULL,
  PRIMARY KEY (`id`)
) ENGINE=InnoDB DEFAULT CHARSET=utf8mb4 COLLATE=utf8mb4_unicode_ci;
/*!40101 SET character_set_client = @saved_cs_client */;

--
-- Dumping data for table `promotions`
--

LOCK TABLES `promotions` WRITE;
/*!40000 ALTER TABLE `promotions` DISABLE KEYS */;
INSERT INTO `promotions` VALUES ('1ef87928-59f6-4e96-81a8-4dca023cceca','FULLMETAL ALCHEMIST Blu-ray Disc Box Special Edition Discount',NULL,1,33.00,'2022-07-02','2022-08-07','55973996-42b2-4ab8-943c-e5871eba7385,','2022-07-09 19:22:40','2022-07-09 19:22:40'),('a13ffbd7-dd7c-431f-87db-b7d233eb8a4e','Popular manga','Discount for recent popular manga',0,1.40,'2022-07-01','2022-09-04','82e12853-3411-435e-8088-5741de09dea3,a1fc9f8c-40e8-46cd-8eee-5837a70fb488,e5119cd2-bfc3-4242-874b-0cccc595a258','2022-07-09 19:28:15','2022-07-09 19:33:08');
/*!40000 ALTER TABLE `promotions` ENABLE KEYS */;
UNLOCK TABLES;

--
-- Table structure for table `q_a`
--

DROP TABLE IF EXISTS `q_a`;
/*!40101 SET @saved_cs_client     = @@character_set_client */;
/*!40101 SET character_set_client = utf8 */;
CREATE TABLE `q_a` (
  `id` char(36) COLLATE utf8mb4_unicode_ci NOT NULL,
  `title` varchar(64) COLLATE utf8mb4_unicode_ci DEFAULT NULL,
  `content` text COLLATE utf8mb4_unicode_ci DEFAULT NULL,
  `created_at` timestamp NULL DEFAULT NULL,
  `updated_at` timestamp NULL DEFAULT NULL,
  PRIMARY KEY (`id`)
) ENGINE=InnoDB DEFAULT CHARSET=utf8mb4 COLLATE=utf8mb4_unicode_ci;
/*!40101 SET character_set_client = @saved_cs_client */;

--
-- Dumping data for table `q_a`
--

LOCK TABLES `q_a` WRITE;
/*!40000 ALTER TABLE `q_a` DISABLE KEYS */;
INSERT INTO `q_a` VALUES ('49b46bf1-16dc-46fd-baa7-a97677d62908','How long does it usually take for delivery?','Usually it takes 2 to 7 days depending on products and location.','2022-07-15 14:05:42','2022-07-15 14:05:42'),('eec251f8-0d02-494a-b3a1-145bf1f26e03','How to refund order','Please read our refund policies. If your order is eligible for refund please contact customer services.','2022-07-15 14:03:41','2022-07-15 14:03:41');
/*!40000 ALTER TABLE `q_a` ENABLE KEYS */;
UNLOCK TABLES;

--
-- Table structure for table `users`
--

DROP TABLE IF EXISTS `users`;
/*!40101 SET @saved_cs_client     = @@character_set_client */;
/*!40101 SET character_set_client = utf8 */;
CREATE TABLE `users` (
  `id` bigint(20) unsigned NOT NULL AUTO_INCREMENT,
  `name` varchar(191) COLLATE utf8mb4_unicode_ci NOT NULL,
  `email` varchar(191) COLLATE utf8mb4_unicode_ci NOT NULL,
  `email_verified_at` timestamp NULL DEFAULT NULL,
  `password` varchar(191) COLLATE utf8mb4_unicode_ci NOT NULL,
  `remember_token` varchar(100) COLLATE utf8mb4_unicode_ci DEFAULT NULL,
  `created_at` timestamp NULL DEFAULT NULL,
  `updated_at` timestamp NULL DEFAULT NULL,
  PRIMARY KEY (`id`),
  UNIQUE KEY `users_email_unique` (`email`)
) ENGINE=InnoDB DEFAULT CHARSET=utf8mb4 COLLATE=utf8mb4_unicode_ci;
/*!40101 SET character_set_client = @saved_cs_client */;

--
-- Dumping data for table `users`
--

LOCK TABLES `users` WRITE;
/*!40000 ALTER TABLE `users` DISABLE KEYS */;
/*!40000 ALTER TABLE `users` ENABLE KEYS */;
UNLOCK TABLES;
/*!40103 SET TIME_ZONE=@OLD_TIME_ZONE */;

/*!40101 SET SQL_MODE=@OLD_SQL_MODE */;
/*!40014 SET FOREIGN_KEY_CHECKS=@OLD_FOREIGN_KEY_CHECKS */;
/*!40014 SET UNIQUE_CHECKS=@OLD_UNIQUE_CHECKS */;
/*!40101 SET CHARACTER_SET_CLIENT=@OLD_CHARACTER_SET_CLIENT */;
/*!40101 SET CHARACTER_SET_RESULTS=@OLD_CHARACTER_SET_RESULTS */;
/*!40101 SET COLLATION_CONNECTION=@OLD_COLLATION_CONNECTION */;
/*!40111 SET SQL_NOTES=@OLD_SQL_NOTES */;

-- Dump completed on 2022-07-17 17:24:32
